# Resource object code (Python 3)
# Created by: object code
# Created by: The Resource Compiler for Qt version 5.15.2
# WARNING! All changes made in this file will be lost!

from PySide2 import QtCore

qt_resource_data = b"\
\x00\x00\x01(\
\x89\
PNG\x0d\x0a\x1a\x0a\x00\x00\x00\x0dIHDR\x00\
\x00\x00\x10\x00\x00\x00\x10\x08\x06\x00\x00\x00\x1f\xf3\xffa\
\x00\x00\x00\xefIDATx\xda\xe5\xd1-K\x84Q\
\x10\x05\xe0g\xd5\x055\x88\xcb\x22\x06A\x10\xabQ\x10\
\xff\x80\xd1`t\xc1d\xdc\xb2E\xf0\x1f\x98\x8c\x16\xb1\
\x0bv\xb1\x0b&\x83V\xbf\x82h\xf3\xab\xf8\x01\x22k\
9/,\xcb\xbb\x1b\xdc\xe8\xc0\x85{\xef\x9c93g\
\x0el\x1b \x86P\x1d\x94\xc0\xff#\xa8`\x01c\x7f\
%X\xc5&\x9a\xfd\x08F\xd0\x08\xb8\xd2\x95\x9b\xc2\x04\
^\x0a`Y\xcca)\x16\x9f\xe25\xff\xb3\x19\x7f\x07\
W\xfd&X\xc1\x17>\xb0\x1e\xa2:Z\xd8+\x8a{\
M\xd0\xc4'\xb6\xf2n`?$\x87\x9d\xc5\x05A;\
\xf7i\xac\xa5\xf8\xa0\x03s\x84\xc5\xdco\xba\xbb\x0dc\
9\xda6\x22i\xb7\x0b\xf3\x83k\xdc\xe2\xb2l\xdb0\
\x1e\xbdg=vr\x97SjW\x1b'\xb8\xc0S,\
\xaa\x86\xf4\x195|\xa7A=\x8e\x14\xf9\x87\x0a\x8e\xf1\
\x1e\xf0<\x1e1\x8aI\xdcc&\x8e\xbcEj\x91\xaf\
\xe1\xfc\x17\xc7\xa9.OI\x0c(\xcf\x00\x00\x00\x00I\
END\xaeB`\x82\
\x00\x00\x00\xd0\
\x89\
PNG\x0d\x0a\x1a\x0a\x00\x00\x00\x0dIHDR\x00\
\x00\x00\x10\x00\x00\x00\x10\x08\x06\x00\x00\x00\x1f\xf3\xffa\
\x00\x00\x00\x97IDATx\xda\xed\xd3\xb1\x0e\x01A\
\x14\x85\xe1\xcf.\x85D\x14D<\x97J\xc9S\xd0x\
\x0a\x9d\x8e\xc4s\x10\x8f#T\xa2]\xab0#\x93H\
vm+\xfef\x92;9\xe7\xce\x99\xdc\xdb\xf2\xa2\x8b\
\x15n(|\xd2\xc2\x04;l\xd2\x8bv8G8c\
\xad\x9a\x02slc!K:\x14\x15\xc2\x0c=\xec\xd1\
\xc1,h\xde\x06u<p\xc2\x02\x03L1L#|\
\xc3\x01\xc7\xd0\xf4\x1e^t\xcd4\xa3L\xa2\x96M\x22\
T~\xce\xdf\xe0g\x0cJ\xe4\x0dty\x1c\xa48\xca\
\x17\x8c\xb1\xacY\xaa(\xee\x07\x8d'b\xd2\x18UN\
\x81\x84K\x00\x00\x00\x00IEND\xaeB`\x82\
\x00\x00\x02\x8e\
\x89\
PNG\x0d\x0a\x1a\x0a\x00\x00\x00\x0dIHDR\x00\
\x00\x00\x10\x00\x00\x00\x10\x08\x06\x00\x00\x00\x1f\xf3\xffa\
\x00\x00\x02UIDATx\xdau\x93KHTa\
\x14\xc7\x7f\xe7\xbbsg\xeeLc)\xa2\x96\xf4\xd2\x22\
M\xc1\xa2\x22\x92\x0a\xb3\xc2\x07\xed\xa2Z\xa4K\x11\x5c\
\x04\xb6\x88\x0a*\xed\x09\x11\x04\x11\xaer_\xb4\x89\xa0\
ER-j!D\x8b\x0a\x922\xca\x16=|\xa0\xce\
\xa0\x8ewf\xee\xdc\xefkQ\xa3N\x8d?\xf8\xe0,\
\x0e\xffs\xce\xff\x9cO\xc8r\xaa%\x14\xb5\xdd\x02\x98\
#\x97(s\xa3\xa3p\xff\xf3$yP\xd9\xa0\xc0\x8e\
5\x13\xf0\x860\x81\x9c\xe7kwhSu\xe5\x87\xf5\
\x17\x9az\xf2\x09\x04\xb2\x81\xd6\xe2\x88H)J\xe5$\
x\x19\x8f\x9d\x1b6s\xb0\xba\xae\xf7|j\xce\x8a\xdd\
\x1a\xbc\x94W@\x94\x18\x8c\x01crKh\x83\xf65\
\xed\xbb\x1a\x00.\xdet\x22|{\xf5\xfc\x0a/\xc9\x00\
X\xd9\xbc`\xfd\xbaZ\x94\x1cG\x1b\x8c1\xa42i\
\x94R\x18\x03v@\x11\x0a\xd8\xd8*@<\xed6|\
\xf1\xd3\x83\xe6\xcd\xf8\xd7\x9c\x0e\x16\x0bj\x0a\xc3\x054\
n\xd9\xcd\x8b\xe1\xd7$\xd2.\x95\xc5\x95\xf4>y\xc8\
\xd8\xcc\x14N\xd8\xc1\x09E\x0b\x13\xff\x9a\xb8\x880\xef\
\xa5\xe8nl\xa7s\xef1Zk\xf6q\xf9H\x17`\
\x08\xd96J\x04\xc1\xe8\xff<XX\x8b\x08\x89\x94\xcb\
\x99G\xb7\xe9o\xeb!\xe9\xa59\xf7\xf8\x0e\x13\xb3\xd3\
8vh\xf9-,\xc5V\x16\xef~\x0e\x03\xc2Jg\
\x05\x83#\xef\x09\x06\xec?\x1ek\x83\xf1\xf3\xdc\xc1R\
\xd2\xbeG\xf7\x816>\x8e\x8d\xf0\xf6\xc7'\xba\x1b\xdb\
Ie<BAEiI\x90\xc2\xd5\x92^V \xa3\
}\xaa\xca*8\xb1\xa3\x99\x1b\x03\xfd\x5c{z\x8f\xa3\
\xdb\x0fQU\xb2\x91p\xc4\xb0U\x97\xb1m\xa4\xe6\xec\
\xe1\xb6\x8e=yG\xb0D1>;EK_\x17\x93\
\x898`h\xed\xeb\x22\xe9\xa7\x88\xacR\xf8\x136\x01\
\xd7\xa9\x17\x92k\xf2\x0a\x88\x08n:I\x22\xe5b)\
\x851B,\x19\xa7\xae\xa2\x90\xd0l\x11\xda\xb5\xf0\x8d\
\x87\xc0\xfe\xa6\x93\x1d\xde\xc2\x08F\x1bA\x04D\x10\xa5\
\xb0,\xebo,h\xa3\x98Nx\xd8\x93QT\xccA\
\xe3#\xa2N#T,t\xa0\x94I\x1ac&\xd0\xfa\
?S\x0d\xf0}b\x9eH\xf9(\xc53k#\xd6|\
8\xeag2\xd7\x9f=\xe8\xbf\xbb 0\xeb\x15\x0dD\
qk\x91T\xde/;\xa7\xe1\x97\x8eSd\x95\xd7\x1a\
?\xd3i\xc5\xc3W\x01~\x03\xb9\xd3\xee)\xa9\xa8\x96\
\x81\x00\x00\x00\x00IEND\xaeB`\x82\
\x00\x00a^\
\x89\
PNG\x0d\x0a\x1a\x0a\x00\x00\x00\x0dIHDR\x00\
\x00\x02\x00\x00\x00\x02\x00\x08\x06\x00\x00\x00\xf4x\xd4\xfa\
\x00\x00\x00\x09pHYs\x00\x00\x0b\x13\x00\x00\x0b\x13\
\x01\x00\x9a\x9c\x18\x00\x00 \x00IDATx\x9c\xed\
\xdd\x0b\x98-YY\x1f\xfc\xd5\xb5\xfbv.=g\xce\
i\xba\x87932\x17F0\xc3-3\x8c\x83\x8e\x9a\
N\x18 b\x82\xe6S\x11\x12\x94V\x8f \x8ar\x95\
(j\xb4rZ\x8d\x1f\x04\xbe\xf8\xa1D\x04\x8f\x07P\
33\x5c$h@\x81\x10a\x80!\x18\x85\x84\xbb\x01\
Q\x18\x06Tn\x22\x0cs\x81I\xd6\xbb\xbbjS{\
\xd5Z\xb5\xd6[\xabj\xd7[\xab\xff\xf5<\xebQ\xba\
\xcf\xfcV\xbdo\xed\xbd\xd7\xbf\xf7\xae\xaa\xad\x1e\xf2\x90\
\x7f\xbc\xaa\xc7\x8a\x1e\xaa\xcdF\xff]\xf1\xdf\xafV\x06\
<x\xf0\xe0\xc1\x83\x07O\xb2\x97T1\xf0\xe0\xc1\x83\
\x07\x0f\x1e\xbcpd\xb0\xc9\xe1\xc1\x83\x07\x0f\x1e<x\
\x83z\x83N\x0e\x0f\x1e<x\xf0\xe0\xc1[\xbc7\xe8\
\xe4\xf0\xe0\xc1\x83\x07\x0f\x1e\xbc\xc5{CL\xbe\xa6\xc7\
q\x1a\x93\xc9\xe4\xf8\xf1\xe3\xe7n\x9f8q|6\xe8\
\x7f\xd3\xcf\xcb\x7f\xc3\x19\xf0\xe0\xc1\x83\x07\x0f\xde\x88=\
Z\x1f\xad[\x1fa\x82\xf5\x8f\x99\x93_\xa8\xc7c\xf5\
\xf8\x0d=n\xd4\xe3\x93z\xdc\xa9\xc7\xff)\xc7\xd2\xd2\
RmT\x7f\xcf\x1d\xf0\xe0\xc1\x83\x07\x0f\xde\xc8\xbd;\
\xf4\xf8\x84\x1eoV\xfb\xeb\xe7c\xb3,\xbb\xa0\x8fw\
\x12X\xff8`\xf2\x0d=~T\x8f\xb7\xf7\xd8\x1cx\
\xf0\xe0\xc1\x83\x07\xef@y:\x04\xdc4\x99L~l\
{{k\xb3\xab\x8f\x11X\xff\xb8a\xf1?G\x8f\x5c\
\x8f\xcf\x0c\xd5\x1cx\xf0\xe0\xc1\x83\x07\xef\x00x\x9f\xd6\
?\xff9\xb5\xff\x077k3\xd7s\xd6?v,\xfe\
\x8f\xd2\xe3\xe3\x82\x9a\x03\x0f\x1e<x\xf0\xe0\xa5\xee\xdd\
\xac\xc7#U\xe0f[\xcfY\xff\xd8X\xfc\x8f\xea\xf1\
\xdb\x82\x9b\x03\x0f\x1e<x\xf0\xe0\xa5\xee\xbdT\xed\xaf\
\xc7\xce\xcd\xb5\x9e\xb3\xfeqe\xf1\xbf\x87\x1e\xef\x1bI\
s\xe0\xc1\x83\x07\x0f\x1e\xbc\x94\xbd\xf7\xe8\xf15\xca\xb2\
\xb1N\xe0\x0f\xf8\xc7\xff@\x8f\x8f\x8d\xac9\xf0\xe0\xc1\
\x83\x07\x0f^\xca\xdeG\xf5\xf8:U\xd9\xba^\xfc\xe9\
\xd2\xbe\xbf\x1ais\xe0\xc1\x83\x07\x0f\x1e\xbc\x94=:\
/\xe0\x22=:_\xfc\xe9\x8cC\xbc\xed\x0f\x0f\x1e<\
x\xf0\xe0\xc9\xf5\xde\xb3\xbc\xbc|\xb4\xcb\xc5\x9f\xb6\x97\
$\xd2\x1cx\xf0\xe0\xc1\x83\x07/Y/\xcb\xb2\xeb\xba\
\x5c\xfc\x1f\x95Rs\xe0\xc1\x83\x07\x0f\x1e\xbc\x94\xbd\xe5\
\xe5\xe5G{\xef\x18\x18x\x93\x9fE\x5c\xe7\x7f\x97\x1e\
\x1f\xd1\xe3\x0f\xd5\xfe\xed\x0f\x9f\xad\xc7/\xeb$\xf3\xac\
\xc9\xe4\xab\x83\xfe7\xfd\xbc\xed\x80\x07\x0f\x1e<x\xf0\
\x16\xec=G\x8f\x17\xe9\xf1_Ue=\xed9L\xdc\
\xbc\xb5\xb5y\xa2\xf1\x8e\x81\x01o\x13\xe4-'\x0f)\
\xe6V=~G\x8fG\xebq\x9e\xb1_\xa2\xbfE\x09\
\x1e<x\xf0\xe0\xc1k\xb3\xe9\xb5\xf1\x1e\x93\xc9\xe4\x94\
\x0e\x10\xbf\xaf\xff\xff;z|'\xe1\xe7|\x85\xf9\xee\
\xed\xdf\xc7\xed}\xe9L\xc5\xa7\xe8q\xcc\xb1O\xa2\x0f\
\x1e<x\xf0\xe0\xc1\x83\xd7\x85w\xec\xd89\x17\xe8 \
pZ\x05\xae\xb5\xb6\xd1\xb0\xfe\xd2m\x83\xdd\xb7\x0c\xf6\
\x14\xf3#\x91\x93\x9b\xe3\x8bz\xfc\x94Z\xf0W\x1e\xc2\
\x83\x07\x0f\x1e<x\xc2=\xfa\xb8\x9d>*\x98\xfb\xd6\
\x5c\xdf\x08X\x7f\x9f\xd0\xb4CM\xc5\xbc\xbd\x83\xc9\xcb\
\xf1\x16=.\x8eh\x0e{\x83\x07\x0f\x1e<x\xf0F\
\xe6=@\x05^r\x1f\xb8\xfe\xbe\xb5q\xa7\x1c\xdb\xd7\
t49\x8d\xe7\xea\xb1\xdcQs\x826x\xf0\xe0\xc1\
\x83\x07o\xa4\x1e\xdd\xdb\xffz\xd5\xcd\xfaK'\xd8\x9f\
\xe4\xee\xf3c;\x98\x9c&~z\x0f\xcd\x81\x07\x0f\x1e\
<x\xf0R\xf62=~E\xc5\x9fsG\xe3\xfb\xb8\
\xfb\xfd\x1b.\x8c19\x16\x7fx\xf0\xe0\xc1\x83\x07\xaf\
\xbd\xf7\xab*n\xf1\xa7\xf1\x02\xee\xbe\xdfh\x83\x98o\
\xfb7nB\x9b\x0d\x0f\x1e<x\xf0\xe0I\xf1\xe8\x9d\
\x80W\xaa\xf6\x8b?\x8d7\xd9\xf6\xafi\xfb\xa4\x890\
O\xf8\xc3g\xfe\xf0\xe0\xc1\x83\x07\x0f^\xa47\x99L\
\x8e\xe9\xf5\xf6C\x117\x0d\xba\xc5\xb6\x7fMs\xde\xa1\
\xda-\xfet\xa9\xdf\xc5M\xb0\xf4f\xc3\x83\x07\x0f\x1e\
<x\x92\xbc\xd5\xd5\xd5o\xd1\xeb\xeeWZ\xde4\xe8\
6\xdb\xfe\xb9\xe6\x5cS\xed\x16\x7f\x1a?5Ds\xe0\
\xc1\x83\x07\x0f\x1e\xbc\x94\xbd,\xcb^\x14q\xc7\xc05\
\xd3s\xcd\xbb\xa1\xda-\xfe\xf46\xc3\xfaP\xcd\x81\x07\
\x0f\x1e<x\xf0R\xf566\x8e^\xa8\xf6\xdfeg\
\x07\x80\xe5\xe5\xe5\x0d\xd3s\xcd=\x0d\x00-N8x\
\xca\x90\xcd\x81\x07\x0f\x1e<x\xf0\x12\xf7\xac\x97\x06\xfa\
F\xf1\xc5@s\x9eurJ\x0a-\xbf\xd8\xe7\x5c\x01\
\xcd\x81\x07\x0f\x1e<x\xf0R\xf5\xbeV\xed\xdfc'\
x\xf1\xa7\xf5{{{k\xd3\xbb\x7f\xf4CJ\x0a-\
\xce6\xfc]!\xcd\x81\x07\x0f\x1e<x\xf0R\xf6n\
R\x8c\xc5\xdf\x08\x00\xee\xc5\x9f~I\xff\xb0\xc5\xa5\x06\
\x8f\x12\xd4\x1cx\xf0\xe0\xc1\x83\x07/U\xef\x99\x8a\xb1\
\xf8W\x02@\xf3\xe2O\x93V\x03@\xc8$j\xff\xed\
\x88\xf3\x045\x07\x1e<x\xf0\xe0\xc1K\xd5{\x90b\
,\xfe4\x8as\x00\xfc\x93\x97\x01\xc07Ae|D\
Xs\xe0\xc1\x83\x07\x0f\x1e\xbcT=:\x81o\xee^\
=\xaaa\xf1\xa7A\xe7\xf6\x05MNI\xc1\x05;\xc6\
k\x855\x07\x1e<x\xf0\xe0\xc1K\xd9\xfb\x80\x0a\x5c\
\xfc\x8b\xdfY\x03@m\xf2\x22)p\x02\xc0\x0b\x046\
\x07\x1e<x\xf0\xe0\xc1K\xd5\xfb#\x15\xbe\xf8;\x03\
\x80mrn\x00x\xb6\xc0\xe6\xc0\x83\x07\x0f\x1e<x\
\xa9z/S\xe1\x8b\xbf7\x00T'\xe7\x06\x80\xd3\x02\
\x9b\x03\x0f\x1e<x\xf0\xe0\xa5\xea\x9dU\xe1\x8b\x7fc\
\x000'g\x05\x80,\xcbN\x0bl\x0e<x\xf0\xe0\
\xc1\x83\x97\xaawF\x85/\xfe\x8d\xe7\x00\x98?\x0e\x0e\
\x004\xd9d2\xd9\x13\xd8\x1cx\xf0\xe0\xc1\x83\x07/\
IOog\x98w\xec\xb5_\x05`\xd9\x82\x02@9\
a%\x00\x88i\x0e<x\xf0\xe0\xc1\x83\x97\xaa\x97e\
\xd9Y\xe6\x1d{\xeb\x01\xc0\xb1y\x03@u\xd2\x22\x00\
\x88j\x0e<x\xf0\xe0\xc1\x83\x97\xaag\x06\x00\xe5\xff\
\xa3\xbd\x9b\x00`\xa6\x8e\xe2\x1c\x80\xa8b\xa47\x1b\x1e\
<x\xf0\xe0\xc1\x93\xe2U\x03\x80\x0a\xfb\xc8>>\x00\
8>s\xc8c\x8b\x91\xdelx\xf0\xe0\xc1\x83\x07O\
\x8aW\x06\x00\x15~\xc2\xfe\x86\xe9\xb96k\x00h8\
\xe1 \x8f-Fz\xb3\xe1\xc1\x83\x07\x0f\x1e<)\x1e\
\x05\x00\xc5\xbb\x5c\x7f\xc3\xf4\x5c\xf3\xd5\x02\x80\xe7l\xc3\
<\xb6\x18\xe9\xcd\x86\x07\x0f\x1e<x\xf0\xa4x\xaa\xb8\
\x0c\x9016L\xcf5\xe7\x5c\x00\x08\xb8\xd4 \x8f-\
Fz\xb3\xe1\xc1\x83\x07\x0f\x1e<A\x1e;\x00\x98\x9e\
k\xdeY\x00\x08\xbc\xce0\xef\xa0\x18\xf6\x06\x0f\x1e<\
x\xf0\xe0\x1dP\x8f\x15\x00\xe8;~L\xcf5\xf74\
\x000n2\x90wP\x0ck\x83\x07\x0f\x1e<x\xf0\
\x0e\xb0\xc7\x0a\x00\xf4-\xbf\xa6g\x9d\x9c\x92\x02\xf3\x0e\
C\xb9\xc0\xe6\xc0\x83\x07\x0f\x1e<x\xa9z\xc1\x01\x80\
\xd6\xef\xed\xed\xadM\xef\xfe\xd1\x0f))0\xef0\x94\
\x0bl\x0e<x\xf0\xe0\xc1\x83\x97\xaa\x17\x14\x00\xca5\
\xbc\x12\x00\xdc\x8b?\xfd\x92\xfe!\xf3\x0eC\xb9\xc0\xe6\
\xc0\x83\x07\x0f\x1e<x\xa9z\xde\x00P]\xc7\x8b\x00\
\xd0\xbc\xf8\xd3\xa4\xd5\x00\xe0\x9b@9\x02\x80\x80\xe6\xc0\
\x83\x07\x0f\x1e<x\xa9z\x8d\x01\xc0|\x17\xbf8\x07\
\xc0?y\x19\x00\x9ap\xd5\x10\x00\x844\x07\x1e<x\
\xf0\xe0\xc1K\xd5s\x06\x00\xdb9|tn_\xd0\xe4\
\x94\x14\x5c\xb0c\xe4\x02\x9b\x03\x0f\x1e<x\xf0\xe0\xa5\
\xeaY\x03@\xc3\x09\xfc\xd6\x00P\x9b\xbcH\x0a\xec\x00\
 \xac9\xf0\xe0\xc1\x83\x07\x0f^\xaa^-\x00x\xae\
\xde\xb3\x06\x00\xdb\xe4\xec\x00 \xb09\xf0\xe0\xc1\x83\x07\
\x0f^\xaa\xde\x5c\x00\x08\xb8t\xbf1\x00T'o\x13\
\x00\xa45\x07\x1e<x\xf0\xe0\xc1K\xd5\x9b\x05\x80\xc0\
\xfb\xf68\x03\x8099+\x00dYvZ`s\xe0\
\xc1\x83\x07\x0f\x1e\xbcT\xbdi\x00`\xdc\xb4\xcfy\x0e\
\x80\xf9\xe3\xe0\x00@\x93M&\x93=\x81\xcd\x81\x07\x0f\
\x1e<x\xf0\x92\xf4\xf4v\x86y\xc7^\xfbU\x00\x96\
-(\x00\x94\x13V\x02\x80\x98\xe6\xc0\x83\x07\x0f\x1e<\
x\xa9zY\x96\x9de\xde\xb1\xb7\x1e\x00\x1c\x9b7\x00\
T'-\x02\x80\xa8\xe6\xc0\x83\x07\x0f\x1e<x\xa9z\
f\x00P\xfe?\xda\xbb\x09\x00f\xea(\xce\x01\x88*\
Fz\xb3\xe1\xc1\x83\x07\x0f\x1e<)^5\x00\xa8\xb0\
\x8f\xec\xe3\x03\x80\xe33\x87<\xb6\x18\xe9\xcd\x86\x07\x0f\
\x1e<x\xf0\xa4xe\x00P\xe1'\xeco\x98\x9ek\
\xb3\x06\x80\x86\x13\x0e\xf2\xd8b\xa47\x1b\x1e<x\xf0\
\xe0\xc1\x93\xe2Q\x00P\xbc\xcb\xf57L\xcf5_-\
\x00x\xce6\xccc\x8b\x91\xdelx\xf0\xe0\xc1\x83\x07\
O\x8a\xa7\x02\xbf\x0eX\x19\x01\xa0\xea\xb9\xe6\x9c\x0b\x00\
\x01\x97\x1a\xe4\xb1\xc5Ho6<x\xf0\xe0\xc1\x83'\
\xc8c\x07\x00\xd3s\xcd;\x0b\x00\x81\xd7\x19\xe6\x1d\x14\
\xc3\xde\xe0\xc1\x83\x07\x0f\x1e\xbc\x03\xea\xb1\x02\x00}\xc7\
\x8f\xe9\xb9\xe6\x9e\x06\x00\xc6M\x06\xf2\x0e\x8aam\xf0\
\xe0\xc1\x83\x07\x0f\xde\x01\xf6X\x01\x80\xbe\xe5\xd7\xf4\xac\
\x93SR`\xdea(\x17\xd8\x1cx\xf0\xe0\xc1\x83\x07\
/U/8\x00\xd0\xfa\xbd\xbd\xbd\xb5\xe9\xdd?\xfa!\
%\x05\xe6\x1d\x86r\x81\xcd\x81\x07\x0f\x1e<x\xf0R\
\xf5\x82\x02@\xb9\x86W\x02\x80{\xf1\xa7_\xd2?d\
\xdea(\x17\xd8\x1cx\xf0\xe0\xc1\x83\x07/U\xcf\x1b\
\x00\xaa\xebx\x11\x00\x9a\x17\x7f\x9a\xb4\x1a\x00|\x13(\
G\x00\x10\xd0\x1cx\xf0\xe0\xc1\x83\x07/U\xaf1\x00\
\x98\xef\xe2\x17\xe7\x00\xf8'/\x03@\x13\xae\x1a\x02\x80\
\x90\xe6\xc0\x83\x07\x0f\x1e<x\xa9z\xce\x00`;\x87\
\x8f\xce\xed\x0b\x9a\x9c\x92\x82\x0bv\x8c\x5c`s\xe0\xc1\
\x83\x07\x0f\x1e\xbcT=k\x00h8\x81\xdf\x1a\x00j\
\x93\x17I\x81\x1d\x00\x845\x07\x1e<x\xf0\xe0\xc1K\
\xd5\xab\x05\x00\xcf\xd5{\xd6\x00`\x9b\x9c\x1d\x00\x046\
\x07\x1e<x\xf0\xe0\xc1K\xd5\x9b\x0b\x00\x01\x97\xee7\
\x06\x80\xea\xe4m\x02\x80\xb4\xe6\xc0\x83\x07\x0f\x1e<x\
\xa9z\xb3\x00\x10x\xdf\x1eg\x000'g\x05\x80,\
\xcbN\x0bl\x0e<x\xf0\xe0\xc1\x83\x97\xaa7\x0d\x00\
\x8c\x9b\xf69\xcf\x010\x7f\x1c\x1c\x00h\xb2\xc9d\xb2\
'\xb09\xf0\xe0\xc1\x83\x07\x0f^\x92\x9e\xde\xce0\xef\
\xd8k\xbf\x0a\xc0\xb2\x05\x05\x80r\xc2J\x00\x10\xd3\x1c\
x\xf0\xe0\xc1\x83\x07/U/\xcb\xb2\xb3\xcc;\xf6\xd6\
\x03\x80c\xf3\x06\x80\xea\xa4E\x00\x10\xd5\x1cx\xf0\xe0\
\xc1\x83\x07/U\xcf\x0c\x00\xca\xffG{7\x01\xc0L\
\x1d\xc59\x00Q\xc5Ho6<x\xf0\xe0\xc1\x83'\
\xc5\xab\x06\x00\x15\xf6\x91}|\x00p|\xe6\x90\xc7\x16\
#\xbd\xd9\xf0\xe0\xc1\x83\x07\x0f\x9e\x14\xaf\x0c\x00*\xfc\
\x84\xfd\x0d\xd3sm\xd6\x00\xd0p\xc2A\x1e[\x8c\xf4\
f\xc3\x83\x07\x0f\x1e<xR<\x0a\x00\x8aw\xb9\xfe\
\x86\xe9\xb9\xe6\xab\x05\x00\xcf\xd9\x86yl1\xd2\x9b\x0d\
\x0f\x1e<x\xf0\xe0I\xf1T\xe0\xd7\x01+#\x00T\
=\xd7\x9cs\x01 \xe0R\x83<\xb6\x18\xe9\xcd\x86\x07\
\x0f\x1e<x\xf0\x04y\xec\x00`z\xaeyg\x01 \
\xf0:\xc3\xbc\x83b\xd8\x1b<x\xf0\xe0\xc1\x83w@\
=V\x00\xa0\xef\xf81=\xd7\xdc\xd3\x00\xc0\xb8\xc9@\
\xdeA1\xac\x0d\x1e<x\xf0\xe0\xc1;\xc0\x1e+\x00\
\xd0\xb7\xfc\x9a\x9eurJ\x0a\xcc;\x0c\xe5\x02\x9b\x03\
\x0f\x1e<x\xf0\xe0\xa5\xea\x05\x07\x00Z\xbf\xb7\xb7\xb7\
6\xbd\xfbG?\xa4\xa4\xc0\xbc\xc3P.\xb09\xf0\xe0\
\xc1\x83\x07\x0f^\xaa^P\x00(\xd7\xf0J\x00p/\
\xfe\xf4K\xfa\x87\xcc;\x0c\xe5\x02\x9b\x03\x0f\x1e<x\
\xf0\xe0\xa5\xeay\x03@u\x1d/\x02@\xf3\xe2O\x93\
V\x03\x80o\x02\xe5\x08\x00\x02\x9a\x03\x0f\x1e<x\xf0\
\xe0\xa5\xea5\x06\x00\xf3]\xfc\xe2\x1c\x00\xff\xe4e\x00\
h\xc2UC\x00\x10\xd2\x1cx\xf0\xe0\xc1\x83\x07/U\
\xcf\x19\x00l\xe7\xf0\xd1\xb9}A\x93SRp\xc1\x8e\
\x91\x0bl\x0e<x\xf0\xe0\xc1\x83\x97\xaag\x0d\x00\x0d\
'\xf0[\x03@m\xf2\x22)\xb0\x03\x80\xb0\xe6\xc0\x83\
\x07\x0f\x1e<x\xa9z\xb5\x00\xe0\xb9z\xcf\x1a\x00l\
\x93\xb3\x03\x80\xc0\xe6\xc0\x83\x07\x0f\x1e<x\xa9zs\
\x01 \xe0\xd2\xfd\xc6\x00P\x9d\xbcM\x00\x90\xd6\x1cx\
\xf0\xe0\xc1\x83\x07/Uo\x16\x00\x02\xef\xdb\xe3\x0c\x00\
\xe6\xe4\xac\x00\x90e\xd9i\x81\xcd\x81\x07\x0f\x1e<x\
\xf0R\xf5\xa6\x01\x80q\xd3>\xe79\x00\xe6\x8f\x83\x03\
\x00M6\x99L\xf6\x046\x07\x1e<x\xf0\xe0\xc1K\
\xd2\xd3\xdb\x19\xe6\x1d{\xedW\x01X\xb6\xa0\x00PN\
X\x09\x00b\x9a\x03\x0f\x1e<x\xf0\xe0\xa5\xeaeY\
v\x96y\xc7\xdez\x00pl\xde\x00P\x9d\xb4\x08\x00\
\xa2\x9a\x03\x0f\x1e<x\xf0\xe0\xa5\xea\x99\x01@\xf9\xff\
h\xef&\x00\x98\xa9\xa38\x07 \xaa\x18\xe9\xcd\x86\x07\
\x0f\x1e<x\xf0\xa4x\xd5\x00\xa0\xc2>\xb2\x8f\x0f\x00\
\x8e\xcf\x1c\xf2\xd8b\xa47\x1b\x1e<x\xf0\xe0\xc1\x93\
\xe2\x95\x01@\x85\x9f\xb0\xbfaz\xae\xcd\x1a\x00\x1aN\
8\xc8c\x8b\x91\xdelx\xf0\xe0\xc1\x83\x07O\x8aG\
\x01@\xf1.\xd7\xdf0=\xd7|\xb5\x00\xe09\xdb0\
\x8f-Fz\xb3\xe1\xc1\x83\x07\x0f\x1e<)\x9e\x0a\xfc\
:`e\x04\x80\xaa\xe7\x9as.\x00\x04\x5cj\x90\xc7\
\x16#\xbd\xd9\xf0\xe0\xc1\x83\x07\x0f\x9e \x8f\x1d\x00L\
\xcf5\xef,\x00\x04^g\x98wP\x0c{\x83\x07\x0f\
\x1e<x\xf0\x0e\xa8\xc7\x0a\x00\xf4\x1d?\xa6\xe7\x9a{\
\x1a\x00\x187\x19\xc8;(\x86\xb5\xc1\x83\x07\x0f\x1e<\
x\x07\xd8c\x05\x00\xfa\x96_\xd3\xb3NNI\x81y\
\x87\xa1\x5c`s\xe0\xc1\x83\x07\x0f\x1e\xbcT\xbd\xe0\x00\
@\xeb\xf7\xf6\xf6\xd6\xa6w\xff\xe8\x87\x94\x14\x98w\x18\
\xca\x056\x07\x1e<x\xf0\xe0\xc1K\xd5\x0b\x0a\x00\xe5\
\x1a^\x09\x00\xee\xc5\x9f~I\xff\x90y\x87\xa1\x5c`\
s\xe0\xc1\x83\x07\x0f\x1e\xbcT=o\x00\xa8\xae\xe3E\
\x00h^\xfci\xd2j\x00\xf0M\xa0\x1c\x01@@s\
\xe0\xc1\x83\x07\x0f\x1e\xbcT\xbd\xc6\x00`\xbe\x8b_\x9c\
\x03\xe0\x9f\xbc\x0c\x00M\xb8j\x08\x00B\x9a\x03\x0f\x1e\
<x\xf0\xe0\xa5\xea9\x03\x80\xed\x1c>:\xb7/h\
rJ\x0a.\xd81r\x81\xcd\x81\x07\x0f\x1e<x\xf0\
R\xf5\xac\x01\xa0\xe1\x04~k\x00\xa8M^$\x05v\
\x00\x10\xd6\x1cx\xf0\xe0\xc1\x83\x07/U\xaf\x16\x00<\
W\xefY\x03\x80mrv\x00\x10\xd8\x1cx\xf0\xe0\xc1\
\x83\x07/Uo.\x00\x04\x5c\xba\xdf\x18\x00\xaa\x93\xb7\
\x09\x00\xd2\x9a\x03\x0f\x1e<x\xf0\xe0\xa5\xea\xcd\x02@\
\xe0}{\x9c\x01\xc0\x9c\x9c\x15\x00\xb2,;-\xb09\
\xf0\xe0\xc1\x83\x07\x0f^\xaa\xde4\x000n\xda\xe7<\
\x07\xc0\xfcqp\x00\xa0\xc9&\x93\xc9\x9e\xc0\xe6\xc0\x83\
\x07\x0f\x1e<xIzz;\xc3\xbcc\xaf\xfd*\x00\
\xcb\x16\x14\x00\xca\x09+\x01@Ls\xe0\xc1\x83\x07\x0f\
\x1e\xbcT\xbd,\xcb\xce2\xef\xd8[\x0f\x00\x8e\xcd\x1b\
\x00\xaa\x93\x16\x01@Ts\xe0\xc1\x83\x07\x0f\x1e\xbcT\
=3\x00(\xff\x1f\xed\xdd\x04\x003u\x14\xe7\x00D\
\x15#\xbd\xd9\xf0\xe0\xc1\x83\x07\x0f\x9e\x14\xaf\x1a\x00T\
\xd8G\xf6\xf1\x01\xc0\xf1\x99C\x1e[\x8c\xf4f\xc3\x83\
\x07\x0f\x1e<xR\xbc2\x00\xa8\xf0\x13\xf67L\xcf\
\xb5Y\x03@\xc3\x09\x07yl1\xd2\x9b\x0d\x0f\x1e<\
x\xf0\xe0I\xf1(\x00(\xde\xe5\xfa\x1b\xa6\xe7\x9a\xaf\
\x16\x00<g\x1b\xe6\xb1\xc5Ho6<x\xf0\xe0\xc1\
\x83'\xc5S\x81_\x07\xac\x8c\x00P\xf5\x5cs\xce\x05\
\x80\x80K\x0d\xf2\xd8b\xa47\x1b\x1e<x\xf0\xe0\xc1\
\x13\xe4\xb1\x03\x80\xe9\xb9\xe6\x9d\x05\x80\xc0\xeb\x0c\xf3\x0e\
\x8aao\xf0\xe0\xc1\x83\x07\x0f\xde\x01\xf5X\x01\x80\xbe\
\xe3\xc7\xf4\x5csO\x03\x00\xe3&\x03y\x07\xc5\xb06\
x\xf0\xe0\xc1\x83\x07\xef\x00{\xac\x00@\xdf\xf2kz\
\xd6\xc9))0\xef0\x94\x0bl\x0e<x\xf0\xe0\xc1\
\x83\x97\xaa\x17\x1c\x00h\xfd\xde\xde\xde\xda\xf4\xee\x1f\xfd\
\x90\x92\x02\xf3\x0eC\xb9\xc0\xe6\xc0\x83\x07\x0f\x1e<x\
\xa9zA\x01\xa0\x5c\xc3+\x01\xc0\xbd\xf8\xd3/\xe9\x1f\
2\xef0\x94\x0bl\x0e<x\xf0\xe0\xc1\x83\x97\xaa\xe7\
\x0d\x00\xd5u\xbc\x08\x00\xcd\x8b?MZ\x0d\x00\xbe\x09\
\x94#\x00\x08h\x0e<x\xf0\xe0\xc1\x83\x97\xaa\xd7\x18\
\x00\xccw\xf1\x8bs\x00\xfc\x93\x97\x01\xa0\x09W\x0d\x01\
@Hs\xe0\xc1\x83\x07\x0f\x1e\xbcT=g\x00\xb0\x9d\
\xc3G\xe7\xf6\x05MNI\xc1\x05;F.\xb09\xf0\
\xe0\xc1\x83\x07\x0f^\xaa\x9e5\x004\x9c\xc0o\x0d\x00\
\xb5\xc9\x8b\xa4\xc0\x0e\x00\xc2\x9a\x03\x0f\x1e<x\xf0\xe0\
\xa5\xea\xd5\x02\x80\xe7\xea=k\x00\xb0M\xce\x0e\x00\x02\
\x9b\x03\x0f\x1e<x\xf0\xe0\xa5\xea\xcd\x05\x80\x80K\xf7\
\x1b\x03@u\xf26\x01@Zs\xe0\xc1\x83\x07\x0f\x1e\
\xbcT\xbdY\x00\x08\xbco\x8f3\x00\x98\x93\xb3\x02@\
\x96e\xa7\x056\x07\x1e<x\xf0\xe0\xc1K\xd5\x9b\x06\
\x00\xc6M\xfb\x9c\xe7\x00\x98?\x0e\x0e\x004\xd9d2\
\xd9\x13\xd8\x1cx\xf0\xe0\xc1\x83\x07/IOog\x98\
w\xec\xb5_\x05`\xd9\x82\x02@9a%\x00\x88i\
\x0e<x\xf0\xe0\xc1\x83\x97\xaa\x97e\xd9Y\xe6\x1d{\
\xeb\x01\xc0\xb1y\x03@u\xd2\x22\x00\x88j\x0e<x\
\xf0\xe0\xc1\x83\x97\xaag\x06\x00\xe5\xff\xa3\xbd\x9b\x00`\
\xa6\x8e\xe2\x1c\x80\xa8b\xa47\x1b\x1e<x\xf0\xe0\xc1\
\x93\xe2U\x03\x80\x0a\xfb\xc8>>\x008>s\xc8c\
\x8b\x91\xdelx\xf0\xe0\xc1\x83\x07O\x8aW\x06\x00\x15\
~\xc2\xfe\x86\xe9\xb96k\x00h8\xe1 \x8f-F\
z\xb3\xe1\xc1\x83\x07\x0f\x1e<)\x1e\x05\x00\xc5\xbb\x5c\
\x7f\xc3\xf4\x5c\xf3\xd5\x02\x80\xe7l\xc3<\xb6\x18\xe9\xcd\
\x86\x07\x0f\x1e<x\xf0\xa4x*\xf0\xeb\x80\x95\x11\x00\
\xaa\x9ek\xce\xb9\x00\x10p\xa9A\x1e[\x8c\xf4f\xc3\
\x83\x07\x0f\x1e<x\x82<v\x000=\xd7\xbc\xb3\x00\
\x10x\x9da\xdeA1\xec\x0d\x1e<x\xf0\xe0\xc1;\
\xa0\x1e+\x00\xd0w\xfc\x98\x9ek\xeei\x00`\xdcd\
 \xef\xa0\x18\xd6\x06\x0f\x1e<x\xf0\xe0\x1d`\x8f\x15\
\x00\xe8[~M\xcf:9%\x05\xe6\x1d\x86r\x81\xcd\
\x81\x07\x0f\x1e<x\xf0R\xf5\x82\x03\x00\xad\xdf\xdb\xdb\
[\x9b\xde\xfd\xa3\x1fRR`\xdea(\x17\xd8\x1cx\
\xf0\xe0\xc1\x83\x07/U/(\x00\x94kx%\x00\xb8\
\x17\x7f\xfa%\xfdC\xe6\x1d\x86r\x81\xcd\x81\x07\x0f\x1e\
<x\xf0R\xf5\xbc\x01\xa0\xba\x8e\x17\x01\xa0y\xf1\xa7\
I\xab\x01\xc07\x81r\x04\x00\x01\xcd\x81\x07\x0f\x1e<\
x\xf0R\xf5\x1a\x03\x80\xf9.~q\x0e\x80\x7f\xf22\
\x004\xe1\xaa!\x00\x08i\x0e<x\xf0\xe0\xc1\x83\x97\
\xaa\xe7\x0c\x00\xb6s\xf8\xe8\xdc\xbe\xa0\xc9))\xb8`\
\xc7\xc8\x056\x07\x1e<x\xf0\xe0\xc1K\xd5\xb3\x06\x80\
\x86\x13\xf8\xad\x01\xa06y\x91\x14\xd8\x01@Xs\xe0\
\xc1\x83\x07\x0f\x1e\xbcT\xbdZ\x00\xf0\x5c\xbdg\x0d\x00\
\xb6\xc9\xd9\x01@`s\xe0\xc1\x83\x07\x0f\x1e\xbcT\xbd\
\xb9\x00\x10p\xe9~c\x00\xa8N\xde&\x00Hk\x0e\
<x\xf0\xe0\xc1\x83\x97\xaa7\x0b\x00\x81\xf7\xedq\x06\
\x00srV\x00\xc8\xb2\xec\xb4\xc0\xe6\xc0\x83\x07\x0f\x1e\
<x\xa9z\xd3\x00\xc0\xb8i\x9f\xf3\x1c\x00\xf3\xc7\xc1\
\x01\x80&\x9bL&{\x02\x9b\x03\x0f\x1e<x\xf0\xe0\
%\xe9\xe9\xed\x0c\xf3\x8e\xbd\xf6\xab\x00,[P\x00(\
'\xac\x04\x001\xcd\x81\x07\x0f\x1e<x\xf0R\xf5\xb2\
,;\xcb\xbcco=\x0086o\x00\xa8NZ\x04\
\x00Q\xcd\x81\x07\x0f\x1e<x\xf0R\xf5\xcc\x00\xa0\xfc\
\x7f\xb4w\x13\x00\xcc\xd4Q\x9c\x03\x10U\x8c\xf4f\xc3\
\x83\x07\x0f\x1e<xR\xbcj\x00Pa\x1f\xd9\xc7\x07\
\x00\xc7g\x0eyl1\xd2\x9b\x0d\x0f\x1e<x\xf0\xe0\
I\xf1\xca\x00\xa0\xc2O\xd8\xdf0=\xd7f\x0d\x00\x0d\
'\x1c\xe4\xb1\xc5Ho6<x\xf0\xe0\xc1\x83'\xc5\
\xa3\x00\xa0x\x97\xebo\x98\x9ek\xbeZ\x00\xf0\x9cm\
\x98\xc7\x16#\xbd\xd9L\xefr=n\xa8\x0e}\xb0^\
\xa6\xc7\xcb+\xe3e\xe6\xbf\xe1\x8c\x0e\xbd\xa7\x08\xec\x1f\
<x\xf0\x16\xe3=E\xf5\xfb\xfa\xd2\xa5w\xb9\xc0\xfe\
\x0d\xe6\xa9\xc0\xaf\x03VF\x00\xa8z\xae9\xe7\x02@\
\xc0\xa5\x06yl1\xd2\x9b\xcd\xf4v\x14\xaf\x7f\xac\xd1\
\xb1w\x9d\xc0\xfe\xc1\x83\x07o1\xdeu\xaa\xdf\xd7\x97\
.\xbd\x1d\x81\xfd\x1b\xd2c\x07\x00\xd3s\xcd;\x0b\x00\
\x81\x07/\xef\xa0\x18\xf6&\xd8\x9b\x05\x00\xc1O\xa6\xe9\
\xd0I\xfcz\x81\xfd\x83\x07\x0f\xdeb\xbc\xb9\x00 \xfc\
\xf5jG`\xff\x86\xf4X\x01\x80\xbe\xe3\xc7\xf4\x5cs\
O\x03\x00\xe3\xe0\xe5\x1d\x14\xc3\xda\x84{\xd3\x00 \xfc\
\xc9T^\xc1q\x83\xc0\xfe\xc1\x83\x07o1\xde,\x00\
H\x7f\xbdZYY\xb9V`\xff\x86\xf4X\x01\x80\xbe\
\xe5\xd7\xf4\xac\x93SR`\x1e\xbc\x5c`s\x06\xf3\xf4\
\xb6#\xfd\xc9T\xb9\x84\xf3\x06i\xfd\x83\x07\x0f\xde\xc2\
\xbci\x00\x18\xc3\xeb\xd5\xea\xea\xea\xb5\x02\xfb7\xa4\x17\
\x1c\x00\xa8\x7f\xdb\xdb[\x9b\xde\xfd\xa3\x1fRR`\x1e\
\xbc\x5c`s\x06\xf3(\xa9J\x7f2\x19\x01@T\xff\
\xe0\xc1\x83\xb7\x18Oo\xd7\x8da\xf17\x02\x80\x98\xfe\
\x0d\xec\x05\x05\x80\xb2\x7f\x95\x00\xe0^\xfc\xe9\x97\xf4\x0f\
\x99\x07/\x17\xd8\x9c\xc1<z\xa0J\x7f2U\x02\xc0\
\xf5\xd2\xfa\x07\x0f\x1e\xbc\xc5x\xf4\xfc\x1f\xc3\xe2_\x09\
\x00\xa2\xfa7\xb0\xe7\x0d\x00\xd5\xfe\x15\x01\xa0y\xf1\xa7\
I\xab\x01\xc07\x81r\x04\x00\x01\xcd\x19\xcc\xab\x06\x00\
%\xf4\xc9T\xf1\xae\x8b\xadW\xfa\xf1\x80\x07\x0f\x9e\xdd\
\xa3w\x00\xc7\xb0\xf8\xd3(\xce\x01\x88\xaaW\xfa\xf1`\
z\x8d\x01\xc0\xec_q\x0e\x80\x7f\xf22\x004\xe1\xc6\
\xc8\x056g0\xaf\x0c\x00\xaa\xdd\x03\xff'\xf4\x7f{\
\xe9\xa1C\x87\xeeu\xf8\xf0\xe1{\x97\x83\xfe7\xfd\x5c\
\xff\x9e=<\xde\xb6\xb4\xfe\xc1\x83\x07o1\xde\xb1c\
\xe7\x5c\xd0\xf3\xeb\x8b9~B\xb5\x0f\x13;\xb1\xf5J\
?\x1eL\xcf\x19\x00l\xfd\xa3s\xfb\x82&\xa7\xa4\xe0\
\x82\x1d#\x17\xd8\x9c\xc1<J\xaa\xaa}\xf2\xdd\x1d[\
\xbd\xf0\xe0\xc1\x83\x17\xe8\xed\xaa\xf6\xef$\xb0\x03\x80\x80\
z\xfb\xf4\xac\x01\xa0\xa1\x7f\xd6\x00P\x9b\xbcH\x0a\xec\
\x00 \xac9\x83y\xca\xb8\x11\x10gL&\x93\x1f\x1c\
[\xbd\xf0\xe0\xc1\x83\x17\xe85\x06\x00\xcf\xc7\x08\xac\x00\
 \xa4\xde>\xbdZ\x00\xf0\xf4\xcf\x1a\x00l\x93\xb3\x03\
\x80\xc0\xe6\x0c\xe9\xb5\x0a\x00\xc5\xdb4\xa7FX/<\
x\xf0\xe0\x85x\xce\x00\x10p\x0eAp\x00\x10To\
\x9f\xde\x5c\x00\x08\xe8_c\x00\xa8N\xde&\x00Hk\
\xce\x90\x1e;\x00T>\xa795\xc2z\xe1\xc1\x83\x07\
/\xe4?\xb7\x06\x80\xc0\x13\x08\x83\x02\x80\xb0z\xfb\xf4\
f\x01 \xb0\x7f\xce\x00`N\xce\x0a\x00Y\x96\x9d\x16\
\xd8\x9c!=V\x000N\xd485\xc2z\xe1\xc1\x83\
\x07/d\xab\x05\x00\xc6\xd5\x03\xde\x00 \xb0\xde>\xbd\
i\x00`\xf4\xcfy\x0e\x80\xf9\xe3\xe0\x00@\x93M&\
\x93=\x81\xcd\x19\xd2\x0b\x0e\x00\xe6\x81+\xce\x01\xe8{\
\xff\xe0\xc1\x83\x07o\x08o.\x000/\x1dl\x0c\x00\
B\xeb\xed\xcd\xd3\xdb\x19f\xff\xecW\x01X\xb6\xa0\x00\
PY\xb4\xf6\xa45g`/(\x008\x0e\xde\xee\x02\
\xf6\x0f\x1e<x\xf0\x86\xf0f\x01\xa0\xc5}\x03\x9c\x01\
@p\xbd\xbdyY\x96\x9de\xf6\xaf\x1e\x00\x1c\x9b7\
\x00\x18\x7f\xb5\xeeIk\xce\xc0\x9e7\x004<\xf8\xd9\
\x01@@\xbd\xf0\xe0\xc1\x83\x17\xb2M\x03@\xcb\x9b\x06\
Y\x03\x80\xf0z{\xf3\xcc\x00\xa0\xfc\xfd\xeb&\x00\x98\
\x07\xae8\x07 \xaa\x18\xe9\xcdfz\x8d\x01\xc0\xf3\xe0\
g\x05\x00!\xf5\xc2\x83\x07\x0f^\xc8\xb6\xdbr\xf1\xb7\
\x06\x00\xe9\xf5\xf6\xe9U\x03\x80\x0a\xeb_|\x00p\x1c\
\xbc<\xb6\x18\xe9\xcdfz\xce\x00\x10\xf0\xe0\x0f\x0e\x00\
\x82\xea\x85\x07\x0f\x1e<\xafG\xe78\xb5\x5c\xfck\x01\
`\x0c\xf5\xf6\xe9\x95\x01@\x85\xf7o\xc3\xf4\x5c\x9b5\
\x004,^yl1\xd2\x9b\xcd\xf4\xac\x01 0\xf9\
\x06\x05\x00a\xf5\xc2\x83\x07\x0f\x9e\xd7\xa3\xab\x9cZ.\
\xfes\x01`,\xf5\xf6\xe9Q\x00P\xbc\xfem\x98\x9e\
k\xbeZ\x00\xf0,^yl1\xd2\x9b\xcd\xf4j\x01\
\x80\xf1\xb6\x977\x00\x08\xac\x17\x1e<x\xf0\xbc^5\
\x00(\xde\xe25\x0b\x00c\xaa\xb7OO\x05~\x1dp\
el\x98\x9ek\xce\xb9\x00\x10\xb0x\xe5\xb1\xc5Ho\
6\xd3\x9b\x0b\x00\xcc\xcf\xbc\x1a\x03\x80\xd0z\xe1\xc1\x83\
\x07\xcf\xeb\x95\x01@\xf1\x17\xffi\x00\x18[\xbd={\
\xec\x00`z\xaeyg\x01 p\xf1\xca;(\x86\xbd\
\x09\xf6f\x01\xa0\xc5\x09/\xce\x00 \xb8^x\xf0\xe0\
\xc1\xf3zt\x0e\x80j\xb7\xf8\x97\x01`T\xf5\xf6\xec\
\xb1\x02\x00}\xc7\x8f\xe9\xb9\xe6\x9e\x06\x00\xc6\xe2\x95w\
P\x0ck\x13\xeeM\x03@\xcb\xb3]\xad\x01@x\xbd\
\xf0\xe0\xc1\x83\xe7\xf5T\xc0\xb7\x01\xba\x06}\xcb\xea\xd8\
\xea\xed\xd9c\x05\x00\xfa\x96_\xcb\xf1\xa8o\x94\x14\x98\
\x8bW.\xb09\x83yz\xdb\x89\xb8\xd4\xa5\x16\x00\xa4\
\xd7\x0b\x0f\x1e<x\x81^\xab\x00@\xaf\x9f\xab\xab\xab\
\xd7\x8e\xb0\xde>\xbd\xe0\x00@\xfd\xdb\xde\xde\xda\xf4\xee\
\x1f\xfd\x90\x92\x02s\xf1\xca\x056g0\x8f\x92j\xc4\
\xa5.\xbb\xa6'\xbd^x\xf0\xe0\xc1\x0b\xf4\xd8\x01\xa0\
|\x0d\xad\x04\x801\xd5\xdb\xa7\x17\x14\x00\xca\xfeU\x02\
\x80{\xf1\xa7_\xd2?d.^\xb9\xc0\xe6\x0c\xe6\xd1\
\x035\xe2R\x97]\xd3\x93^/<x\xf0\xe0\x05z\
\xac\x00P}\x1d-\x02\xc0\xd8\xea\xed\xd3\xf3\x06\x80j\
\xff\x8a\x00\xd0\xbc\xf8\xd3\xa4\xd5\x00\xe0\x9b@9\x02\x80\
\x80\xe6\x0c\xe6U\x03\x80\xe2\xbf\xdd\xb5;\xb6z\xe1\xc1\
\x83\x07/\xd0\x0b\x0e\x00\xe6\xbb\xa8\xc59\x00}\xef\xdf\
\x98\xbc\xc6\x00`\xf6\xaf8\x07\xc0?y\x19\x00\x9ap\
c\xe4\x02\x9b3\x98W\x06\x00\xc5_\xfc\xa7\x01`l\
\xf5\xc2\x83\x07\x0f^\xa0\x17\x14\x00\x1c\xe7P\xed,`\
\xff\xc6\xe49\x03\x80\xad\x7ftn_\xd0\xe4\x94\x14\x5c\
\xb0c\xe4\x02\x9b3\x98GIU\xb5[\xfc\xcb\x000\
\xaaz\xe1\xc1\x83\x07/\xd0\xf3\x06\x80\x86\x13\xa8\xd9\x01\
@@\xbd}z\xd6\x00\xd0\xd0?k\x00\xa8M^$\
\x05v\x00\x10\xd6\x9c\xc1<\x15\xf8u\xc0\xb6A\xd7\xc9\
\x8e\xad^x\xf0\xe0\xc1\x0b\xf4\x1a\x03\x80\xe7\xea)V\
\x00\x10Ro\x9f^-\x00x\xfag\x0d\x00\xb6\xc9\xd9\
\x01@`s\x86\xf4Z\x05\x80\xe2m\x9aS#\xac\x17\
\x1e<x\xf0B<g\x00\x08\xb8t:8\x00\x08\xaa\
\xb7Oo.\x00\x04\xf4\xaf1\x00T'o\x13\x00\xa4\
5gH\x8f\x1d\x00*\x9f\xd3\x9c\x1aa\xbd\xf0\xe0\xc1\
\x83\x17\xf2\x9f[\x03@\xe0}S\x82\x02\x80\xb0z\xfb\
\xf4f\x01 \xb0\x7f\xce\x00`N\xce\x0a\x00Y\x96\x9d\
\x16\xd8\x9c!=V\x000N\xd485\xc2z\xe1\xc1\
\x83\x07/d\xab\x05\x00\xc6M\xd3\xbc\x01@`\xbd}\
z\xd3\x00\xc0\xe8\x9f\xf3\x1c\x00\xf3\xc7\xc1\x01\x80&\x9b\
L&{\x02\x9b3\xa4\x17\x1c\x00\xcc\x03W\x9c\x03\xd0\
\xf7\xfe\xc1\x83\x07\x0f\xde\x10\xde\x5c\x00`\xde1\xb51\
\x00\x08\xad\xb77Oog\x98\xfd\xb3_\x05`\xd9\x82\
\x02@e\xd1\xda\x93\xd6\x9c\x81\xbd\xa0\x00\xe08x\xbb\
\x0b\xd8?x\xf0\xe0\xc1\x1b\xc2\x9b\x05\x00\xe6\xe2\xd5\x18\
\x00\x04\xd7\xdb\x9b\x97e\xd9Yf\xff\xea\x01\xc0\xb1y\
\x03\x80\xf1W\xeb\x9e\xb4\xe6\x0c\xecy\x03@\xc3\x83\x9f\
\x1d\x00\x04\xd4\x0b\x0f\x1e<x!\xdb4\x00\xb4X\xfc\
\x9d\x01@x\xbd\xbdyf\x00P\xfe\xfeu\x13\x00\xcc\
\x03W\x9c\x03\x10U\x8c\xf4f3\xbd\xc6\x00\xe0y\xf0\
\xb3\x02\x80\x90z\xe1\xc1\x83\x07/d\xdbm\xb9\xf8[\
\x03\x80\xf4z\xfb\xf4\xaa\x01@\x85\xf5/>\x008\x0e\
^\x1e[\x8c\xf4f3=g\x00\x08x\xf0\x07\x07\x00\
A\xf5\xc2\x83\x07\x0f\x9e\xd7\xa3s\x9cZ.\xfe\xb5\x00\
0\x86z\xfb\xf4\xca\x00\xa0\xc2\xfb\xb7az\xae\xcd\x1a\
\x00\x1a\x16\xaf<\xb6\x18\xe9\xcdfz\xd6\x00\x10\x98|\
\x83\x02\x80\xb0z\xe1\xc1\x83\x07\xcf\xeb\xd1UN-\x17\
\xff\xb9\x000\x96z\xfb\xf4(\x00(^\xff6L\xcf\
5_-\x00x\x16\xaf<\xb6\x18\xe9\xcdfz\xb5\x00\
\xc0x\xdb\xcb\x1b\x00\x04\xd6\x0b\x0f\x1e<x^\xaf\x1a\
\x00\x14o\xf1\x9a\x05\x801\xd5\xdb\xa7\xa7\x02\xbf\x0e\xb8\
26L\xcf5\xe7\x5c\x00\x08X\xbc\xf2\xd8b\xa47\
\x9b\xe9\xcd\x05\x00\xe6g^\x8d\x01@h\xbd\xf0\xe0\xc1\
\x83\xe7\xf5\xca\x00\xa0\xf8\x8b\xff4\x00\x8c\xad\xde\x9e=\
v\x000=\xd7\xbc\xb3\x00\x10\xb8x\xe5\x1d\x14\xc3\xde\
\x04{\xb3\x00\xd0\xe2\x84\x17g\x00\x10\x5c/<x\xf0\
\xe0y=:\x07@\xb5[\xfc\xcb\x000\xaaz{\xf6\
X\x01\x80\xbe\xe3\xc7\xf4\x5csO\x03\x00c\xf1\xca;\
(\x86\xb5\x09\xf7\xa6\x01\xa0\xe5\xd9\xae\xd6\x00 \xbc^\
x\xf0\xe0\xc1\xf3z*\xf0\xeb\x80m\x83\xbeeul\
\xf5\xf6\xec\xb1\x02\x00}\xcb\xaf\xe5x\xd47J\x0a\xcc\
\xc5+\x17\xd8\x9c\xc1<\xbd\xedD\x5c\xeaR\x0b\x00\xd2\
\xeb\x85\x07\x0f\x1e\xbc@\xafU\x00\xa0\xd7\xcf\xd5\xd5\xd5\
kGXo\x9f^p\x00\xa0\xfemoomz\xf7\
\x8f~HI\x81\xb9x\xe5\x02\x9b3\x98GI5\xe2\
R\x97]\xd3\x93^/<x\xf0\xe0\x05z\xec\x00P\
\xbe\x86V\x02\xc0\x98\xea\xed\xd3\x0b\x0a\x00e\xff*\x01\
\xc0\xbd\xf8\xd3/\xe9\x1f2\x17\xaf\x5c`s\x06\xf3\xe8\
\x81\x1aq\xa9\xcb\xae\xe9\x09\xa9\xf7az\xfc\x0fs\xe8\
\xfa\xfe4\xcb\xbe:\xe8\x7f\xdb\xfe]\xe8\xe8\xc0\xbb\xac\
E\xbd\x17\xea\xf1\xfa\x90\xa1\xf7\xe9\x0dY\x96U\xc6\xd2\
\x1bB\xff[\xcb\xf8UA\xc7\xb7k\xef\x1dJ\xfe\xe3\
\xe5\xa6E\xf5oyy\x99n\x80\xf3\x19\x1a\xfaW\xad\
GiTG\xc3\xbf\x7f^\xe8\xfe-\xf0\xf1\xc2\x0a\x00\
\xd5\xd7\xd1\x22\x00\xa4\xf2\xfc\xe8\xc2\xf3\x06\x80j\xff\x8a\
\x00\xd0\xbc\xf8\xd3\xa4\xd5\x00\xe0\x9b@9\x02\x80\x80\xe6\
\x0c\xe6U\x03\x80\xe2\xbf\xdd\xb5+\xb4\xde\xef4\xf75\
\xe2c\x0e\xef\x835\xc2\xbb_\x8bz\xef\xbd\xc0\xfd\xab\
z\xef\x10t|\xbb\xf6\xbe\xac\xe4?^n_T\xff\
t\x00x\xdc\x00\xf5\xfef\xe8\xfe-\xf0\xf1\xb2\xdb\xb6\
\xde\xe2\x1c\x80\xbe\xf7oL^c\x000\xfbW\x9c\x03\
\xe0\x9f\xbc\x0c\x00M\xb81r\x81\xcd\x19\xcc+\x03\x80\
j\xf7D\xdf\x15Z\xef\x5c\x00\x10\xf8b^\x8e\xfb\xb5\
\xa8\xd7\x1b\x00\xfa\xa87\xcb\xb2w\x08:\xbe]{s\
\x01@\xe8\xe3\xe5\xf6E\xf5o2\x99<n\x80z\xad\
\x01`\xe0\xc7\xcbnD\xbd;\x0b\xd8\xbf1y\xce\x00\
`\xeb\x1f\x9d\xdb\x1749%\x05\x17\xec\x18\xb9\xc0\xe6\
\x0c\xe6QRU\xed\x9f\xec\xbbB\xeb\xbdB\x8f\xdf\xd1\
\xe3\x0f\xf4\x83\xe9&=>/\xe8\xc5\xfcsz\xfc\x99\
\x1eo\xd0\xff\xed%-\xea\xbdT\x8f\x0f\x17N_\x8b\
\x8d\xe9\xdd\xa1\x03\xc0\x1f\x08:\xbe]{\xefV\xfd\xf6\
\xaf\x8dw\x8b\xda\x7f\xeb\xbf\xfc\x08\xe6\xb5\x8b\xea\xdf\xd2\
\x92\xfa&\xb5\xbf \xdf\xa0\xc7\xcb\xf5xS\xb1?}\
\xd4\xfb\xf7j\xff#\x98\xc7\x87\xee\xdf\x02\x1f/\xbb\x11\
\xf5\xee,`\xff\xc6\xe4Y\x03@C\xff\xac\x01\xa06\
y\x91\x148O\xca\x5c`s\x06\xf3T\xe0\xd7\x01\xdb\
\x06]';\x86z\xaf\xba\xea\x8a\xf5C\x87\xd6\xef\xa7\
\xf7\xf7\xc7\xf5\xaf\xde\xaa\xc7]m\xea\x8dx1\xa7\xbf\
0\xe93\xce\xfbu\x5c\xef\xf9j\xffE\xea\x9d\x91\xfb\
g\x8e\xbf\xd1\xe3\xd7\x97\x97'\xdfw\xe4\xc8\xe1\xaf\xbd\
\xff\xfd\xefsH\xf2\xf1\xed\xc2\xd3\x01g\x9b\xea\xd5\xff\
\xf7U\xbao_\x1ah\xf1\x7f\x9f\x1eOT\xfb\xc7\xb5\
\xd7z[zW\xeb\xf1_:\xa8\xf7\xaf\xf4x\x86\x1e\
\xf7\xd2c\xa9\xc3\xfd\xeb\xba\xde\xc6\x00\xe0\xa9\x97\x15\x00\
\x84\xd4\xdb\xa7W\x0b\x00\x9e\xfeY\x03\x80mrv\x00\
\x10\xd8\x9c!\xbdV\x01\xa0x\x9b\xe6\xd4\x08\xeb\xa5\xed\
r=^\xcd\xad\xb7\xe5\xe2z\xa7\x1e\xdf\xdeg\xbdG\
\x8f\x1eY\xd6\x0b\xd7\x99\x0e\x16\xff\xff\xa9\xc7w\xad\xaf\
\xaf\xaf.\xf8x\x88\xf2\x8e\x1f?\xf7\xee\x93I\xf6\xb3\
j\xff\xe4\xb4E-\xfe\xcf\xd2cu\x88z[x?\
\xd5\xb2\xde\xaf\xe8\xf1\x8bz\xac\xf5\xbc\x7f]y\xce\x00\
\x10Pop\x00\x10To\x9f\xde\x5c\x00\x08\xe8_c\
\x00\xa8N\xde&\x00Hk\xce\x90\x1e;\x00T>\xa7\
95\xc2z\xab\xdb\xc3U\xc0\x8b|\xe4_\xd6\xcf]\
D\xbd\x97_~\xef\xc3Y\xb6\xf4\xee\x96\x8b\xff\x97\xf4\
\xf8a=\xb2\x04\x1e\xcf]zw\xd3\xe3\x0fT\xff\x8b\
\xffs\x84\xd4\xcb\xd9^\xa5x\xf5\xd2\xbb`\x8fY\xe0\
\xfeu\xe1Y\x03@`\xbdA\x01@X\xbd}z\xb3\
\x00\x10\xd8?g\x000'g\x05\x00\xfd\x97\xd2i\x81\
\xcd\x19\xd2c\x05\x80\xeaA+\x02\xc0\xd8\xea57z\
\x1b\xf2\xcfU?\x8b?\x8d\xcb\x17U\xef\xf2$Kw\
Z\x00\x00 \x00IDAT\xf2\xe4G[\xec\xdf\xc7\
\xd5\xfe[\xbbR\x8e\x874\x8f\xfe*\x9f-v\xbe\xd1\
\xe2\xf1\xf2A\xe5\xf8\x8bXx\xff\xe8\xe34N\xbdO\
_\xf0\xfeu\xe1\xd5\x02\x00\xa3^o\x00\x10Xo\x9f\
\xde4\x000\xfa\xe7<\x07\xc0\xfcqp\x00\xa0\xc9&\
\x93\xc9\x9e\xc0\xe6\x0c\xe9\x05\x07\x00\xf3\xc0\x15\xe7\x00\xf4\
\xbd\x7f\x8b\xf0\xb6\xf4x\xbf\xea~\xf1\xa7s\x0dV\x16\
U\xef\xea\xea\xca?f\xee\x1f\x9d\x8cxrQ\xfb7\
b\x8fB\x00\x9d\x08\xd7\xf5\xe2O\xe3i\x02\xeb\x0d\xd9\
\xbe\x8bQ\xefK\x16\xbd\x7f\x1dys\x01\x80y|\x1b\
\x03\x80\xd0z{\xf3\xf4V\xfb\x88\xd2\xd3?\xfbU\x00\
\x96-(\x00T\x16\xad=i\xcd\x19\xd8\x0b\x0a\x00\x8e\
\x83\xb7\xbb\x80\xfd[\x94w\x91\x1e7\xab\xee\x16\xffr\
\x9c\xbf\xa8z\xf5\xaf\x9e\xc0\xd8\xafw\xe9\xb1\xd9a\xff\
\xbc\xfb7r\xef\xee\xaa\xf2\xf80G\xc4\xe3\xe5\x1b\x85\
\xd6\xdb\xe8-/Ov\x03\xeb}\xaf\x1e\xeb\x8b\xde\xbf\
\x8e\xbcY\x00hq|\x9d\x01@p\xbd\xbdyY\x96\
\x9de\xf6\xaf\x1e\x00\x1c\x9b7\x00\x18\x7f\xb5\xeeIk\
\xce\xc0\x9e7\x004<\xf8\xd9\x01@@\xbdM\xdb}\
\xf4\xf8t\x87\x8b?\x8dG-\xb0\xde?\x0a\xdc'\xba\
\xecm+\xc0\xebz\xff\xc6\xee\xd1bM\xd7\xe3w\xb5\
\xf8\xd3\xf8\x07\x82\xebuz\xfau\xf4\xa9\x81\xf5>j\
\x88\xfd\xeb\xc8\x9b\x06\x80\x96\xc7\xd7\x1a\x00\x84\xd7\xdb\x9b\
g\x06\x00\xe5\xef_7\x01\xc0<p\xc59\x00Q\xc5\
Ho6\xd3k\x0c\x00\x9e\x07?+\x00\x08\xa9\xb7\xd1\
[YY~\xb8\xae\xf1\xcb\x1d-\xfe\xfa\xf1\xb6\xf4\xc6\
\x05\xd5\xfb\x0d\x81\xfbD\x1fu\x9c\x17\xe0u\xbd\x7f\xa9\
x\xffZu\xb7\xf8\xcf-\x14B\xeb\xb5z\xfau\xf4\
\xf9\x01\xf5\xd2c-\x1bb\xff\xba\xf0\xf4V{\x97\x83\
q|k\x01@z\xbd=?^\xce2\xfb\x17\x1f\x00\
\x1c\x07/\x8f-Fz\xb3\x99\x9e3\x00\x04<\xf8\x83\
\x03\x80\xa0z\xbd\x9e\xfe\xeb\xe6\xdft\xb1\xf8\x97\xc6\xea\
\xaaf\xfb\xaf\xf7\x8d\x01\xfb\xf4\xd7j\xffFB\xa3:\
\x1e\xc2<Z\xd0nT\xdd,\xfe4\x1e+\xbc^\xab\
\xa7_\xd0\xdf\x1cP\xef\xe3\x86\xda\xbf.<:\xc7)\
\xe2\xf8\xee\x98\x9e\xf4z{~\xbc\x9ce\xf6o\xc3\xf4\
\x5c\x9b5\x004<9\xf3\xd8b\xa47\x9b\xe9Y\x03\
@\xe0\x8b[P\x00\x10V\xaf\xd7\xbb\xe6\x9a\x07\xad\xe9\
\x07\xec\x7fV\x1d,\xfe\xfb\xef:-\xfd\xe9\x95W>\
`\xad\xc7z\xffE\xc0>\xdd\xaa\x8a\xcf\x9b\xc7v<\
\xa4y\xfa\x98^\xaa\xc7\xdfw\xf41\xd1oH\xaf\xd7\
\xf4N\x9e<\xff\x5c]\xefm\x9e\xba\xe8N\x95G\x86\
\xd8\xbf\xae<\xba\xca\xe9\xa0\xbd\xb3\xd3\x97G\x01@\xf1\
\xfa\xb7az\xae\xf9j\x01\xc0\xb3x\xe5\xb1\xc5Ho\
6\xd3\xab\x05\x00\xc6_6\xde\x00 \xb0\xde O\xa7\
\xffc\xaa\xe1\xf2\xc0\xa6\xe1\xe8\x9f\xf5l\xef\x0e\xea\xa5\
\xfd\xfc\xb8g\x9f\xe8j\x84G\x06z]\xef_\x92\xde\
\xf2\xf2\xe4\x09\x1d}L\xf4\xc11\xd4[\xf5VV\x96\
\x1f\x11P\xd7\xff?\xd4\xfeu\xe5U\x03\x80\xa3Fo\
\x00\x18S\xbd}z*\xf0\xeb\x80+c\xc3\xf4\x5cs\
\xce\x05\x80\x80\xc5+\x8f-Fz\xb3\x99\xde\x5c\x00`\
\xbe\xad\xd9\x18\x00\x84\xd6\xcb\xf1\xae\xd2\xe3\x0e\x15\xbf\xf8\
\xd3\xa0\xbf\xc0\xbf\xae\x87z\x7f=`\xbf\x9e\xc9\xf0\xba\
\xde\xbfd\xbd\xc0\xb7\xc1\xbd\x8f\x97\xf5\xf5\xf5+\xc6P\
o\xe5\xc5\xfc\xac\xa7.\x0a\x9c\x97\x87zR\xeb-\x03\
\x80\xa7Vg\x00\x18[\xbd={\xec\x00`z\xaey\
g\x01 p\xf1\xca;(\x86\xbd\x09\xf6f\x01\xa0\xc5\
g\x9a\xce\x00 \xb8^\xaeG\x8bg\xec\xe2_\x8e\xb7\
\xeb\xb1\xdc\xe1\xfe\xd1\xff\xf0}\xaf\x01}\x99\xcbRB\
\xc7C\x8c\xa7\xb7kT\xcb\xef\x95P\xaazir\xf6\
\xff\x8e\xa1^\xfa\xdfz;\xac\x7f\xfdw\x9e\xda\xfe\xdb\
P\xfb\xd7\xa5G\xe7\x00x\xea\xf4\x05\x80Q\xd5\xdb\xb3\
\xc7\x0a\x00\xf4\x1d?\xa6\xe7\x9a{\x1a\x00\x18\x8bW\xde\
A1\xacM\xb87\x0d\x00-Oh\xb2\x06\x00\xe1\xf5\
r=:\xe9\xeb\x8fU\xfc\xe2_\x8e\x9f\xe9h\xff\xce\
U\xfb_\xaa\xd2\xb4_\x1f\xd0\xe3\x9c\xc4\x8e\x874\xef\
:\x15\xb1\xf8\x17\xe3#=\x9f#\xd2\xa5\xf7\x03\x01\xf5\
=\x8a\xe1\x89\xadW\x05~\x1d\xb0m\xd0\xb7\xac\x8e\xad\
\xde\x9e=V\x00\xa0o\xf9\xb5\x1c\x8f\xfaFI\x81\xb9\
x\xe5\x02\x9b3\x98\xa7\xb7\x9d\x88\xb3\x99k\x01@z\
\xbd-\xbd{\xe8\xf1Y\x15\xbf\xf8\xd3\xa0\xeb\xc8\x1f\xd0\
\xc1\xfe\xf9\x16\x9e/\xe8q\x1f!\xfdK\xd9\xbb\xa7\xea\
\xe6c\xa2oW-\xb6\x01\xea\xbd\xc9S\x1f]i\xb2\
\xca\xf0$\xd7\xdb*\x00,M\xaf\xfcY\xbdv\x84\xf5\
\xf6\xe9\x05\x07\x00\xea\xdf\xf6\xf6\xd6\xa6w\xff\xe8\x87\x94\
\x14\x98\x8bW.\xb09\x83y\x94T#\xcef\xde5\
=\xe9\xf5Fx\xffR\xc5/\xfe\xe5\xa0o\xdd\xab\xdd\
\xff\x9d\xb1\x7f!/L\xffJX\xffR\xf6^\xac\xe2\
\x16\x7f\x1ao\x1cA\xbd\x0f\x08\xa8\xf1\xdf\x0d\xb8\x7f]\
{\xec\x00P\x1e\xd3J\x00\x18S\xbd}zA\x01\xa0\
\xec_%\x00\xb8\x17\x7f\xfa%\xfdC\xe6\x8bo.\xb0\
9\x83y\xf4@\x8d8\x9by\xd7\xf4\xa4\xd7\x1b\xe9\xcd\
\xfd\xd5\x1d\xf1\xce\xc9\xdc\x0b%s\xff\xe8/\xce\xcf{\
\xec\xe7\x09\xed_[\x8f\xee]\xb0\xa3\xc7C\xd5\xfe\xdd\
\x1ak7\x97\x19x\xff\xe8n~\xf4U\xb7m\x17\xff\
r8\xdf\x19\x12R\xef\xafyj\xa4\x1e\x5c2\xe0\xfe\
u\xed\xb1\x02@\xf5\xb8\x16\x01`l\xf5\xf6\xe9y\x03\
@\xb5\x7fE\x00h^\xfci\xd2j\x00\xf0M\xa0\x1c\
\x01@@s\x06\xf3\xaa\x01@1\xd3\xae*\x02\xc0\x98\
\xea\x8d\xf4\xe8\xde\xf9\xb7\xa8\xf8\xc5\x9f\xc6\x9dz\x5c\xc9\
\xdc?:\x81\xd0\xf7\x16\xec;\xd6\xd7\xd7W\x85\xf6\x8f\
\xe3\xd1g~OT\xfb\xdf\x96g\xd6\xf8I=~I\
\xed_\x02)\xe5\xf1\xf2r\xcb~r\xc3\xe2\xef\xf6\xb8\
\x7f\xb1\x1e]\xd3\xff\xb9\xa6\x1a\xf5x\xed\x80\xfb\xd7\x87\
\x17\x1c\x00\xccc[\x9c\x03\xd0\xf7\xfe\x8d\xc9k\x0c\x00\
f\xff\x8as\x00\xfc\x93\x97\x01\xa0\x097F.\xb09\
\x83ye\x00P\xfc\xc5\x7f\x1a\x00\xc6Vo\xac\xa7\xb7\
\x87\xe9~\xdd\x15\xb9\xf8\x97\xe3]G\x8f\x1eYf\xec\
\xdfi\x8f\xf7Y\xbd/\x97H\xee_\xa0G\xdfP\xf8\
\x0eO\xad4>\xae\xeb\xfdz!\xf5\xfeC\xe5\xb8\x22\
\x80\x11\x16\xbf\xac\xf6\xbf\x9e\xba\x8f\xfd\x8b\xf5N9\xf6\
\xb9:\xbeC\xfa\xf3\x97\xe9\x05\x05\x00\xc7\xf1\xddY\xc0\
\xfe\x8d\xc9s\x06\x00[\xff\xe8\xdc\xbe\xa0\xc9))\xb8\
`\xc7\xc8\x056g0\x8f\x92\xaaj\xb7x\x95\x01`\
T\xf5v\xe1eY\xf6\x9b\x1d,\xfe\xd31\x99L\x9e\
\x11\xb8\x7f\xdf\xac\xf6\x17\x08\x97E\x8b\xcfw\x8c\xa1\x7f\
\x1e\x8f\xbe\xa4\xe8/\x1a\xea4_<>\xbf\xbe\xbe~\
\xa5\x90z_k\xd9?\xee;E/\xeaq\xffb\xbc\
\xff\xee\xd9\xef\x8f1\xc3l\xd7\xfb\xd7\x87\xe7\x0d\x00\x0d\
\xc7\x97\x1d\x00\x04\xd4\xdb\xa7g\x0d\x00\x0d\xfd\xb3\x06\x80\
\xda\xe4ER`\x07\x00a\xcd\x19\xccS\x81_\x07l\
\x1bt\x9d\xec\xd8\xea\xed\xc2+\xdeu\xfa\x8b\xd8\xc5\xbf\
x\xc0\x7f\xe1\xc8\x91\xc3_\xeb\xd9?z\xab\xfb#\x1e\
\xef9c\xe9\x9f\xc7\xfb/\x9e:m/\x1e\x7f~\xcf\
{^rT@\xbd\xdf\xe2\xd8?NX\xa4\xabD\xee\
\xd1\xd3\xfe\xb5\xf5\xae\x08\xd8\xef\x9fO\xe4\xf1W\xdd\x1a\
\x03\x80\xe7\xf8\xb2\x02\x80\x90z\xfb\xf4j\x01\xc0\xd3?\
k\x00\xb0M\xce\x0e\x00\x02\x9b3\xa4\xd7*\x00\x14o\
\xd3\x9c\x1aa\xbd\x9dx\xc5;'\xde\x13\xbf\x5c\xa3\xfa\
\xa0\xcf\xb2\xec5\x9e\xfd\xfb\x1d\x8fw\xd3e\x97]z\
xL\xfdsx\xc1\x8fE\xf3\x85C\x87\xd1'\x09\xa9\
\xf7\xcd\xb6\xfdc\x86\xc5\xe7\xf5\xb8\x7fm\xbc\xff\xe8\xd9\
\xdf;\xf5_\xff\x17'\xf0\xf837g\x00\x088\xbe\
\xc1\x01@P\xbd}zs\x01 \xa0\x7f\x8d\x01\xa0:\
y\x9b\x00 \xad9Cz\xec\x00P\xf9\x9c\xe6\xd4\x08\
\xeb\xed\xd2{\x8e\x8a\x5c\xfc+\x0f~\xd7\xf7\xa6\x7f\xaf\
\xc7\xfb\xcc\xe1\xc3\x87.\x1bi\xff\xcc\xed\x05\x96\xfaB\
\xfbw\xe3\x02\xf6/d{x\x07'\x88~I\x8f\xf3\
\xfb\xd8\xbf\x16\xdeQ\xe5\xb9\xf3\x9f\x0e\xb0\xbf\x97\xc8\xe3\
\xcf\xdc\xac\x01 \xf0\xf8\x06\x05\x00a\xf5\xf6\xe9\xcd\x02\
@`\xff\x9c\x01\xc0\x9c\x9c\x15\x00\xf4\x83\xf5\xb4\xc0\xe6\
\x0c\xe9\xb1\x02\x80q\xa2\xc6\xa9\x11\xd6\xdb\xa5\xb7\xae\xc7\
\xfbT\xfc\xe2O\x83\xcel?n\xec\x02]R\xd5t\
\xe6\xf5]\xfa\x18\xfc\x8b\x11\xf7\xcf\xdc\xde\xa5\xda\xf7\x8f\
\xde:_\x92Po\x96-\xfdY\x07\xe7\x88<K\xc0\
\xf1\xa0\xedqM\xfbI\xf5\xad\xac\xac\xfc\xb3D\x1e\x7f\
\xe6V\x0b\x00\x8cp\xe7\x0d\x00\x02\xeb\xed\xd3\x9b\x06\x00\
F\xff\x9c\xe7\x00\x98?\x0e\x0e\x00\xc5[\x85{\x02\x9b\
3\xd6\xb7]\x7fp\x84\xf5v\xed\xd1\x17\x06\xd1%}\
1\x8b\x7f9^Xq'z\xbc\xa5\xc9\xd3a\xf6\xd9\
\x09\xf4\xaf\xba\xdd\xa2\xe2\xfa\xb7)\xa1^\x1d\xca\x1e\x15\
\xb9\xf8\xd3\xf8\xfc\xb9\xe7\x1e;O\xc0\xf1\xfd\x13\xd7>\
\x165~\xf8\xaa\xab\xaeXO\xe4\xf1gns\x01\x80\
\xf9\xceNc\x00\x10Zoo\x9e\xde\xce0\xfbg\xbf\
\x0a\xc0\xb2\x05\x05\x80\xca\xa2\xb5'\xad9\x03{A\x01\
\xc0q\xf0v\x17\xb0\x7fc\xf0r\x15\xbf\xf8\xd3\xa03\
\xf9\x1f\x5c\x98?\xef\xf1\xde~\xaf{]v$\x91\xfe\
\x95\x9b\xf3\xeb\x97\x03\xfaG\xbd\xab\xdd]q\x88zi\
A\xd4\xfb\xf7\x1eW-!C\xc8\x1f+\xce;\xffU\
^O\x7f:\xa1\xc7\x9f\xb9\xcd\x02@\x8b\x8fu\x9c\x01\
@p\xbd\xbdy\xfa\x8f\x95\xb3\xcc\xfe\xd5\x03\x80c\xf3\
\x06\x00\xe3\xaf\xd6=i\xcd\x19\xd8\xf3\x06\x80\x86\x07?\
;\x00\x08\xa8\xb7\x0f\x8f\xae\xa6\xf8\x1f*n\xf1/\xc7\
\xfb\xd5\xfe\xb7\xfc9\xdfU\xd0\xff\xfd\xdf\x1e=z\xf4\
\x92\x84\xfaWn\xd6+\x00\x02\xfb\xf7\x97\x0b\xd8\xbf`\
OE|\x91L\xa5\xce\xcf4\xde\x11\xad\xffz\xad\xe7\
dT\xf6\xef\xf6c\xc7\xce\xb9 \xa1\xc7\x9f\xb9M\x8f\
a\xcbs:\xac\x01@x\xbd=~,6\x1f\x00\x94\
\xbf\x7f\xdd\x04\x00\xf3\xc0\x15\xe7\x00D\x15#\xbd\xd9L\
\xaf1\x00x\x1e\xfc\xac\x00 \xa4\xde\xbe<\xfa\xfes\
:y+f\xf1/\xc7\xed\xae\xdf\xe9\xff\xfe+++\
+\xff\x5c@\xbd}x?\xaa\xda\xf7\xef\xd7\x16\xb0\x7f\
\x1c\x8fB\xc0G\x1c\xfb\x1a\xfc|\x9bL\xb2\x9f\x1e\xe8\
x\xd0\xebj\xed\x96\xd3\xc6k\xe9\xf5\x89=\xfe\xccm\
\xb7\xe5\xf3\xd7\x1a\x00\xa4\xd7\xdb\xa7W\x0d\x00*\xac\x7f\
\xf1\x01\xc0q\xf0\xf2\xd8b\xa47\x9b\xe99\x03@\xc0\
\x83?8\x00\x08\xaa\xb7O\xef\xe9*~\xf1o\x5c\x1c\
\xf4\x82\xf0\xcb\x82\xea\xed\xda\xa3\xdb\xcd~B\xf1\xfbG\
\xef\x96|\xdd\x02\xf6\x8f\xeb\xd5\x02M\xd3p\xd4K\xdf\
\xaew\xb8\xa7\xfdk\xda~\xd8\xb7\x7f\xa9\xdf\xee\x96\xce\
q\x8ax\xfe\xee\x98\x9e\xf4z\xfb\xf4\xca\x00\xa0\xc2\xfb\
\xb7az\xae\xcd\x1a\x00\x1a^<\xf2\xd8b\xa47\x9b\
\xe9Y\x03@\xe0\x8boP\x00\x10Vo\x9f\x1e}I\
\xcd\x9bTO\x8b\xbf~\x12\xbd\xe9\xf2\xcb\xef}XP\
\xbd}xt9$\xb7\x7f\xa7\x17\xb8\x7f\x1c\x8f\xae\x12\
\x99\x05\x9a\xa6\xe1\xa9\xf7I=\xed_\xd3\xf6\xa7\x9e\xfd\
{\xdf\xc5\x17\xdf\x83u\xd5E\xc7\xfb\xd7\xbbGW9\
E<\x7fwLOz\xbd}z\x14\x00\x14\xaf\x7f\x1b\
\xa6\xe7\x9a\xaf\x16\x00<O\xa6<\xb6\x18\xe9\xcdfz\
\xb5\x00\xc0x\xf1\xf5\x06\x00\x81\xf5\xf6\xea\xe9^]\xa2\
\xc7\xe7\xbb^\xfc\xf5\xf8\xeb\x8d\x8d\xa3\x17I\xab\xb7\x0f\
\x8f>\xa6c\xf4\xefze\xf9v\xc0>\xf7\x8f\xe9=\
\xa3a\xdfC\x9fo\x1f\xd5c\xb5\xa7\xfd\xb3mW\x05\
\xec\xdf\x939`\xc7\xfb\xb7\x10\xaf\x1a\x00\x14\xffy\xbb\
3\xb6z\xfb\xf4T\xe0\xd7\x01W\xc6\x86\xe9\xb9\xe6\x9c\
\x0b\x00\x01O\xa6<\xb6\x18\xe9\xcdfzs\x01\x80\xf9\
\x97Wc\x00\x10Zo\xef\xde\xf2\xf2\xe4\x09\x1d/\xfe\
\xf4\xb9\xff\xc3\xa5\xd6\xdb\xd3\x8b/}\xfe\xfa\xd7\x0d\xfd\
\xfb\x82\x1e\xcfT\x0d\xd7\xfe\x0b\xa9\x97^\x9f>\xed\xa8\
\x81\xf3|\xfb\xa1\x9e\xf6\xcf\xb6\xbd\xd0\xb3\x7f\xb7\xaa\xfa\
=+\xbc\x9b\x90\xe3\x11\xec\x95\x01@\xb5{\xee\xee\x8c\
\xad\xde\x9e=v\x000=\xd7\xbc\xb3\x00\x10\xf8d\xca\
;(\x86\xbd\x09\xf6f\x01\xa0\xc5\xdb\xd6\xce\x00 \xb8\
\xde\xde\xbdk\xaey\xd0\x1a\xdd\xde\xb7\xa3\xc5\x9f\xae\x5c\
\xf9\x05\xc9\xf5\xf6\xe5\x15_\xf4E\x0b\xdf\x0dz\xbcM\
\xed_i\xf1\x9f\xf5x\xaa*\xee\x947\xe4\xfe1\xbc\
\x5c\xc5-\xfe4>\xa4\xf6\xbf\x0e\xba\xefz\xcf\xd1\xe3\
\xef=\xfb\xf7[\x5cT\xd8\xf1\x08\xf2\xe8\x1c\x00\xd5\xfe\
\xf9\xbb3\xb6z{\xf6X\x01\x80\xbe\xe3\xc7\xf4\x5cs\
O\x03\x00\xe3\xc9\x94wP\x0ck\x13\xeeM\x03@\xcb\
\xcf\xac\xad\x01@x\xbd\x0b\xf1\x8e\x1e=r\x91j\xf8\
\xcb\xcf7\xaa\xc7\x01w\x5c\x1c\xbdGAf\xba\xa8*\
\xcb\xf1e<\xdf\x1e\xb3\x80z\x9f\x10\xb0\x7f\x0f\xe2\x80\
\x02\x8fG\x90\xa7\x22.\xe5,N\x90\x1cU\xbd={\
\xac\x00@\xe1\xdfr<\xea\x1b%\x05\xe6\x93)\x17\xd8\
\x9c\xc1<\xbd\xed\xb4|1\xb2\x06\x00\xe9\xf5.\xd8{\
\xb4\x8a\x5c\xfc\x8b\xf19=.\x1aA\xbd\xf0\xdc\xdb\xb3\
U\xdc\xe2O\x83n;=w\xbeC\x0f\xaf\x07\x7f\xe6\
\xd9\xbfwq0\xc1\xc7#\xc4k\x15\x00\xa8_\xab\xab\
\xab\xd7\x8e\xb0\xde>\xbd\xe0\x00@\xfd+\xee\x7f\xd1\xbc\
\x7f\xf4CJ\x0a\xcc'S.\xb09\x83y\x94T#\
NX\xdb5=\xe9\xf5\x0e\xe0]\xa7\xe2\x16\xff\xf2w\
\xf4-s\xce\x93\xdd\x04\xd5\x0b\xcf\xbe\xdd]\x8f[#\
\x16\xffr\xfc?}\xd5\xab\xf7\xe5\xea\x80\xfd\xfb\xe1P\
O\xf8\xf1\x08\xf1\xd8\x01\xa0\xecY%\x00\x8c\xa9\xde>\
\xbd\xa0\x00P\xf6\xaf\x12\x00\xdc\x8b?\xfd\xb2\xf8nv\
\xce\x93)\x17\xd8\x9c\xc1<z\xa0F\xbc\x18\xed\x9a\x9e\
\xf4z\x07\xf0\xce\xd5\xe3c*n\xf1/\xc7SFP\
/<\x87\x97e\xd9\x0b\x22\x17\x7f\x1a\x7f\xa6\xc7RO\
\xfb\xf7[\x9e\xfd\xa3\x8f1\xce\x09\xf5\xa4\x1f\x8f\x00\x8f\
\x15\x00\xaa}+\x02\xc0\xd8\xea\xed\xd3\xf3\x06\x80j\xff\
\x1a\xef\x80Y\x9d\xbc\x1a\x00|\x13(G\x00\x10\xd0\x9c\
\xc1\xbcj\x00P\xfc\x17\xa3\xdd\xb1\xd5;\x90\xf70\xb5\
\x7f\xaf\xfa\x98\xc5\x9f\xc6mz\xdcw\x04\xf5\xc2\xb3x\
G\x8e\x1c\xbe\x97>\xaewF<\xdf\xca\xf1\xad]\xef\
\xdf\xe6\xe6\xf1\xbb\xe9}\xfa\x82\xe7\xf1\xf7|N\xbd\xd2\
\x8fG\x80\x17\x1c\x00\xcc\xe7n\xea7Ij\xe15\x06\
\x00\xb3\x7f\xc59\x00\xfe\xc9\xcb\x00\xd0\x84\x1b#\x17\xd8\
\x9c\xc1\xbc2\x00\xa8v/D\xbbc\xabw@ov\
i\x959\x98o\x0b\xd3_\x80\xce\x9bb\x08\xaa\x17\x9e\
\xc5\xd3\x7fe\xffv\xe4\xe2O\x8f\x8f\x9b\xba\xde\xbf\xc9\
d\xf2\xa4\x80\xc7\xdf\x15\xdcz\xa5\x1f\x0f\x8f\x17\x14\x00\
\x1c\xcf\xdf\x9d\x05\xec\xdf\x98<g\x00\xb0\xf5\x8f\xce\xed\
\x0b\x9a\xbc\xb8T\xa8U\x00\x10\xd4\x9c\xc1<J\xaa\xaa\
\xfd\x8b\xd1\xee\xd8\xea\x1d\xd0\xa3\xdb\xdc\xfeo\x15\xb7\xf8\
\x97\xe3\xdf\x8e\xa0^x\x16o}}\xed~\xfaW_\
Q\xed\x17\xff\xf2-\xe6\x07w\xb9\x7fY\xb6\xf4N\xcf\
\xe3\xefmm\xea\x95~<<\x9e7\x004<\x7f\xd9\
\x01@@\xbd}z\xd6\x00\xd0\xd0?k\x00\xa8M^\
$\x05v\x00\x10\xd6\x9c\xc1<\x15\xf8u\xc0\xb6A\xd7\
\xc9\x8e\xad\xde\x01=:\x81\xef\xbf\xa9\xf8\xc5\x9f\x06\xdd\
\xfb\xfej\xe1\xf5\xc2s{\xafP\x11\x8b?\x8d,\xcb\
^\xdf\xd5\xfe\xad\xad\xad~s\xc0\xe3o7\xa2\xde\xa8\
\xfd\x1b\xd0k\x0c\x00\x9e\xe7/+\x00\x08\xa9\xb7O\xaf\
\x16\x00<\xfd\xb3\x06\x00\xdb\xe4\xec\x00 \xb09Cz\
\xad\x02@\xf16\xcd\xa9\x11\xd6;\x94\xf7oT7\x8b\
\x7f9\xe8\xc60G\x05\xd7\x0b\xcf\xed\xd1[\xe9\x8d\xe7\
\x84\x98\xc3\xf6xYZR\xdf\xd8\xc5\xfe\xe90\xf1b\
\xcf\xe3\xef\xb3\xaa\xe1\x0b\x89\x128\x1e\xae\xcd\x19\x00\x02\
\x9e\xbf\xc1\x01@P\xbd}zs\x01 \xa0\x7f\x8d\x01\
\xa0:y\x9b\x00 \xad9Cz\xec\x00P\xf9\x9c\xe6\
\xd4\x08\xeb\x1d\xc2\xfbGz|Yu\xb7\xf8\x97\xe3y\
B\xeb\x85\xe7\xf7\xfePE,\xfe\xc5\xef^\x15\xbb\x7f\
w\xbb\xdb\xe6\x96\xf6\xbe\xe8\xd9\x87\xe7vPo\xab\xfd\
\x1b\xd8\xb3\x06\x80\xc0\xe7oP\x00\x10Vo\x9f\xde,\
\x00\x04\xf6\xcf\x19\x00\xcc\xc9Y\x01\x80\xbehD`s\
\x86\xf4X\x01\xc08Q\x03w\xa8\xf3o[z\xdc\xac\
\xba_\xfci\xdc\xb5\xb2\xb2\xfc\x08a\xf5\xc2\x0b\xf3\x82\
\x9ew\x9e\xc7\x0b\xbd\x8bp\xff\x98\xfd\x9bL&O\x0e\
\xd8\x8f\xcb;\xa8\xb7\xd5\xfe\x0d\xec\xd5\x02\x00\xe3\xf9\xeb\
\x0d\x00\x02\xeb\xed\xd3\x9b\x06\x00F\xff\x9c\xe7\x00\x98?\
\x0e\x0e\x004\x99~\xc0\xef\x09l\xce\x90^p\x000\
\x0f\x5cq\x0e@\xdf\xfb7f\x8f\xbe\xa8\xe6\xd5\xaa\x9f\
\xc5\xbf4n>q\xe2\xf8yB\xea\x85\xc7\xf3nT\
\xed\x17\xffr\xfc\xa7\x98\xfd\xd3\xbfzg\xd3>\xe8\xf1\
\xc6\x0e\xebe\xef\xdf\xc0\xde\x5c\x00`>\x7f\x1b\x03\x80\
\xd0z{\xf3\xf4v\x86\xd9?\xfbU\x00\x96-(\x00\
T\x16\xad=i\xcd\x19\xd8\x8b\xf9Kdw\x01\xfb7\
f\xef\xa7T\xbf\x8b\x7fyB\xd8\x7f\x12R/<\x9e\
\xf7m*n\xf1\xa7A\x1f-\xdd\xab\xcd\xfe--\xa9\
k\x5c\xf3W\xc6\xa3:\xac\x97\xb5\x7f\x02\xbcY\x00h\
\xf1\xfcu\x06\x00\xc1\xf5\xf6\xe6\xe9\xd7\xa8\xb3\xcc\xfe\xd5\
\x03\x80c\xf3\x06\x00\xe3\xaf\xd6=i\xcd\x19\xd8\xf3\x06\
\x80\x86\x07?;\x00\x08\xa8wQ\xde7\xa9\xfd\xb3\xf5\
]\xfd\xfb[=~EE.\xfe\x15\xef\x91\x03\xd7\x0b\
\x8f\xef\xd1;Dt_\x87\xb6\x8b\x7f9\xce\xb4\xdc\xbf\
\xb3\x1e\xf7\x93z\xacvX/w\xff\x86\xf6\xa6\x01\xa0\
ex\xb7\x06\x00\xe1\xf5\xf6\xe6\x99\x01@\xf9\xfb\xd7M\
\x000\x0f\x5cq\x0e@T1\xd2\x9b\xcd\xf4\x1a\x03\x80\
\xe7\xc1\xcf\x0a\x00B\xea]\x84G\xdf\x95\xfe\x97\xca\xdd\
?\xba\x0e\xfc\xe1j\xff\xd2@\xba\xc7\x7f\xec\xe2O\x83\
\xce\xd4\xbep\xa0z\xe1\xb5\xf7(\xb8\xc5,\xfe4\xee\
\xd0\xe3b\xe6\xfe\xd1-\xaa}'\xff\xfdR\x0f\xf5\x8e\
\xc6\xd3\xdbn\xc4;w\xb5\x00 \xbd\xde>\xbdj\x00\
Pa\xfd\x8b\x0f\x00\x8e\x83\x97\xc7\x16#\xbd\xd9L\xcf\
\x19\x00\x02\x1e\xfc\xc1\x01@P\xbd}{\xf4W\x1d\x9d\
\x9d\xdd\xd4\xbf_\xa8\xfc\xfbK\x95\xf1U\xb1\xae\x11p\
<^W\xcc\xbf\xc8z\xe1\xc5y\x14\x02\xdf\xab\xda/\
\xfe\xe5\xf8U\xe6\xfe=\xc9\xe3QH\xbd\xa4\x87zG\
\xe3\xd19N\x11\xc7c\xc7\xf4\xa4\xd7\xdb\xa7W\x06\x00\
\x15\xde\xbf\x0d\xd3sm\xd6\x00\xd0\xf0d\xcac\x8b\x91\
\xdel\xa6g\x0d\x00\x81/FA\x01@X\xbd}{\
OW\xcd\xfd\xfbc=&\xc6\x7f\xf3D\x15\xbf\xf8\x97\
\xc3\xfbmm\xc2\xfbw\xe0<\xbd}\x7f\xe4\xe2O\xe3\
Kz\x9cd\xec\xdf\xbb=\xdek\xfa\xaaw,\x1e]\
\xe5\x14q<vLOz\xbd}z\x14\x00\x14\xaf\x7f\
\x1b\xa6\xe7\x9a\xaf\x16\x00<O\xa6<\xb6\x18\xe9\xcdf\
z\xb5\x00\xc0x1\xf2\x06\x00\x81\xf5\xf6\xe9}\xbd\x1e\
\xb77\xf4\x8f>S=i\xf9\xef\xe8\xaf\xf6\xd7\xa8\xf8\
\xc5\x9f\xc6\x17T\xc3Ia\xc2\xfbw \xbd\xcb.\xbb\
\xf4\xb0>\xa6\x1f\x89Xl\xca\xf1\xec\xc0\xfd\xfb\xe6\x00\
\xeb;\xfa\xaaw,^5\x00(\xfe\xb1\xd8\x19[\xbd\
}z*\xf0\xeb\x80+c\xc3\xf4\x5cs\xce\x05\x80\x80\
\x17\xcb<\xb6\x18\xe9\xcdfzs\x01\x80\xb9\xd84\x06\
\x00\xa1\xf5\xf6\xe5\xd1g\xaa\x7f\xd1\xd0?zK\xf5\xa1\
\x0d\xff\xfd\x05z|F\xc5-\xfe\xe5x\x9b\xaa\xbf\xcb\
 \xbd\x7f\x07\xda\xab~\x19\x8fj\xb7\xf8O\xc3\xdf\xb1\
c\xe7\x9c\x1f\xb0\x7f/\xf18\xf4\xf5\xd5\xcbc\xea_\
\x1f^\x19\x00T\xbbc\xb13\xb6z{\xf6\xd8\x01\xc0\
\xf4\x5c\xf3\xce\x02@\xe0\x8be\xdeA1\xecM\xb07\
\x0b\x00-\x16\x1bg\x00\x10\x5co\x1f\x1e\xfd\x05\xffJ\
O\xff~6\xc0\xf9\xbe\xca\xbf\x8f\xfdL\xf8\x99=\xd6\
\x0b\xafc\xef\x1e\xf7\xb8\xf0\x1c}|oQ\xed\x17\xff\
\xe9\xe3C\x07\x89_\xf0\xec_\xc8\xc9\x7f??\xb6\xfe\
\xf5\xe1\xd19\x00\xaa\xfd\xf1\xd8\x19[\xbd={\xac\x00\
@\xdf\xf1cz\xae\xb9\xa7\x01\x80\xf1b\x99wP\x0c\
k\x13\xeeM\x03@\xcb\xc5\xc6\x1a\x00\x84\xd7\xdb\xb9\xa7\
\xb7'{\xfa\xf7\x06e\xf9\x8b\xdc\xb1\xdd\xa0\xe2\x17\x7f\
\x1atf\xf8U}\xd4\x0b\xaf\x1fO\xff\xea'U\xc4\
\xe2_\x8c\xcfmn\x9e\xd8j\xd8\xbf\xa7x\xac;\xb3\
,\xbb`\x8c\xfd\xeb\xe1x\xd0\xeb[\xab\xe3A\xdf\xb2\
:\xb6z{\xf6X\x01\x80\xbe\xe5\xd7r<\xea\x1b%\
\x05\xe6\x8be.\xb09\x83yz\xdb\x89Xlj\x01\
@z\xbd]{\xbaW\x0f\xd4\xe3\xb6\x86\xfe\xd1\xdb\xa9\
[\xa1\x9e~\xf1\xbd\x9b\xfe\xef?\x11\xb9\xf8\x97\xe3\xbd\
\xab\xab\xab\xeb\x92\xfb\x07o\xce\xa3?fj\x1f\x03\xf9\
\x86\xf9X\x99L\xb2\x9fi\xd8\xbf\xf7x\xbcW\x8c\xb8\
\x7f]{\xad\x02\x00\x1d\x03\xfd\xbc\xbbv\x84\xf5\xf6\xe9\
\x05\x07\x00\xea\xdf\xf6\xf6\xd6\xa6w\xff\xe8\x87\x94\x14\x98\
/\x96\xb9\xc0\xe6\x0c\xe6QR\x8dXlvMOz\
\xbd]zE\xf8\xfc`C\xff\xe8F@\xdf\xcc\xdd\xbf\
\x95\x95\xe5\xef\xec`\xf1\x9f\x0e\x1d(\xfe\xbd\xd4\xfe\xc1\
\xb3z\xffVE,\xfe\xc5\xe3\x85n2u\xc4\xb2\x0b\
\xff\xc8\xe7\xe9\xc7\xde\xb7\x8d\xbc\x7f]z\xec\x00P\x1e\
\x83J\x00\x18S\xbd}zA\x01\xa0\xec_%\x00\xb8\
\x17\x7f\xfa%\xfdC\xe6\x8be.\xb09\x83y\xf4@\
\x8dXlvMOz\xbd]zt\x0b^Ox\xfa\
\x89\xb6\xfb\x17\xf0\x15\xad\xa1O\xa6\xaf\xac\xaejV`\
\xff\xe0Y\xbd\x13z|^\xb5_\xfc\xcb\xf1d\xcbn\
\xfc\xb6\xc7\xfb\xf0UW]\xb1>\xf2\xfeu\xe9\xb1\x02\
@\xf58\x14\x01`l\xf5\xf6\xe9y\x03@\xb5\x7fE\
\x00h^\xfci\xd2j\x00\xf0M\xa0\x1c\x01@@s\
\x06\xf3\xaa\x01@\xf1\x17\x99\xdd\xb1\xd5\xdb\x957\x99L\
~\xdc\xb3\xf8\xff\xbe\x8a\xb8)\xcf\xe6\xe6\x89MU\xdc\
M\xb0\xcd0\xf6\xed#\xe4I\xea\x1f\xbcF\xef\xdf\xab\
\xb8\xc5\x9f\x06}\xf4\xb4V1\xe9\xf1\xf4\xa5&O?\
\xa6\x9f\x99H\xff\xba\xf2\x82\x03\x80y,\x8as\x00\xfa\
\xde\xbf1y\x8d\x01\xc0\xec_q\x0e\x80\x7f\xf22\x00\
4\xe1\xc6\xc8\x056g0\xaf\x0c\x00\xaa\xddB\xb3;\
\xb6z\xbb\xf0\xd6\xd6\xd6\xae\xd0=\xbb\xb5\xe1\xc5\xf7\xaf\
\xd4\xfe\x0bn\xec\xfe=X\xed_>\x18\xb3\xf8\x97\xfb\
\xf7\xa2\xb6\xf5J?\x1e\x09zwW\x9e\xc5:\xf0c\
\xbb\xc7U\xcc\xa7y\xbc\xdb\x8f\x1d;\xe7\x82D\xfa\xd7\
\x95\x17\x14\x00\x1c\xc7cg\x01\xfb7&\xcf\x19\x00l\
\xfd\xa3\x8fW\x83&\xa7\xa4\xe0\x82\x1d#\x17\xd8\x9c\xc1\
<J\xaa\xaa\xdd\xe2_\x06\x80Q\xd5\x1b\xebmo\xdf\
\xedx\x96-}\xa0\xe1\xc5\x97\xce\xbe\xff\xc6\x0e\xf7\x8f\
\xf5\x85A\x9e\xc5\xe1\xbb\xb8\xf5J?\x1e\x09{\xbf\xae\
\xe2\x16\x7f\x1a\x1f\xd6c\xb9\xf0\xde\xdb\xe4\x15\xdf(\x99\
R\xff\xba\xf0\xbc\x01\xa0\xe1x\xb0\x03\x80\x80z\xfb\xf4\
\xac\x01\xa0\xa1\x7f\xd6\x00P\x9b\xbcH\x0a\xec\x00 \xac\
9\x83y*\xf0\xeb\x80m\x83\xae\x93\x1d[\xbd\xb1\x9e\
~\xa1\xfc\x1d\xcf\x8b\xef\x8fu\xbc\x7f\xeb\xca\x7f\xe6v\
\xe8\xe2\xf07z\x9c\xd7\xf1\xfe\x05m\xf0\xd8\x1e\xdd\x87\
\x7f\xfam\x92*\xfc\xf8\xda\xc6\xf7\xaa\x80\xdb}\xaf\xae\
\xae>8\xb1\xfeu\xe15\x06\x00\xcf\xf1`\x05\x00!\
\xf5\xf6\xe9\xd5\x02\x80\xa7\x7f\xd6\x00`\x9b\x9c\x1d\x00\x04\
6gH\xafU\x00(\xde\xa695\xc2z[{\xcb\
\xcb\x93'x^|o\xe8i\xff\x1e\xa8\xf6\xdfY\x88\
Y\xfc\xcb\xf1\xaa\x1e\xf6\x0f^?\xdeKU\xdc\xe2O\
\xe3}z\x5cg\xfe\xbc\xead\xd9\xd2\xfb\xaf\xb9\xe6\xea\
U\x01\xf5J\xf3\x9c\x01 \xe0x\x04\x07\x00A\xf5\xf6\
\xe9\xcd\x05\x80\x80\xfe5\x06\x80\xea\xe4m\x02\x80\xb4\xe6\
\x0c\xe9\xb1\x03@\xe5s\x9aS#\xac\xb7\x95\xb7\xbe\xbe\
~e\xf5s\x7fU\xef\xcb\x9f\xebqN\x8f\xfb\xb7g\
\x99\xb3\xed\xe2\xb0\xdb\xc3\xfe\xc1\xeb\xde\xbb\x5c\x8f\xafD\
,\xfe\xe5\xb8K5<^&\x93\xc9S\x85\xd4+\xcd\
\xb3\x06\x80\xc0\xe3\x11\x14\x00\x84\xd5\xdb\xa77\x0b\x00\x81\
\xfds\x06\x00srV\x00\xc8\xb2\xec\xb4\xc0\xe6\x0c\xe9\
\xb1\x02\x80q\xa2\xc6\xa9\x11\xd6\xcb\xf6\xce?\xff<\xfa\
\xdc\xff\xfd\x0d\x0fV:a\xeb\x8a\x9e\xf7\x8f>\xcb\xfd\
\x13s\xee\x96\x8b\xc3\xdf\xe9qQ\xc7\xfb\xd7u\xbd\xf0\
\x1e2\xbd\xd4\xf4\xf7\x22\x17\x7f\xdf\xe3\xe5V\x1d\x00\x8e\
K\xa9W\x98W\x0b\x00\x8c\xe7\x9b7\x00\x08\xac\xb7O\
o\x1a\x00\x18\xfds\x9e\x03`\xfe88\x00\x14iw\
O`s\x86\xf4\x82\x03\x80\xe5/\x87\x1f\x1ca\xbdl\
O\xbf\x08\xbf\xd4\xf3`\xfd\xa1\x05\xed\x1f\xfdE8;\
;<\xf2/\xc37\xab\xfd\xef\xa2\xefr\xff\xba\xae\xf7\
\xc0{\xeb\xebkW\xeb\xe3zWO\x8b?\xfd\xfc7\
%\xd5+\xcc\x9b\x0b\x00\xcc\xe7[c\x00\x10Zoo\
\x9e\xde\xce0\xfbg\xbf\x0a\xc0\xb2\x05\x05\x80\xca\xa2\xb5\
'\xad9\x03{A\x01\xc0q\xf0v\x17\xb0\x7f\x83z\
\xcb\xcb\x93\xc7{\x1e\xac\xde\xcf\xfd;\xde\xbf\xe9\xfd\xe2\
;x[\x98\xc6\xd3z\xd8?x\x1d{:\x80\xbe\xae\
\xa7\xc5\x9f\xc6\x83\xa4\xd5+\xc8\x9b\x05\x80\x16\xcf7g\
\x00\x10\x5coo\x9e~\x0c\x9fe\xf6\xaf\x1e\x00\x1c\x9b\
7\x00\x18\x7f\xb5\xeeIk\xce\xc0\x9e7\x004<\xf8\
\xd9\x01@@\xbd\xc1\x9e\xfe\xeb\xeb\xaa\xf2s\x7fe\xef\
\x0d\xddr\xb5\xf1\xac\xfa\xae\xf7\xef\xe8\xd1#\xcbz\x7f\
\xfe\xa4\xa3\xb7\x85\xe9;\x0c\x1e0\x96\xe3qP\xbd\x95\
\x95\x95\x87\xa8~\x16\xffwI\xacW\x907\x0d\x00-\
\xc3\xb65\x00\x08\xaf\xb77\xcf\x0c\x00\xca\xdf\xbfn\x02\
\x80y\xe0\x8as\x00\xa2\x8a\x91\xdel\xa6\xd7\x18\x00<\
\x0f~V\x00\x10Ro\x90w\xe2\xc4\xf1m]\xeb\x87\
=\x0f\xd6G\x0e\xb1\x7f\xc5\x09\x89\xb7w\xf4\xb6\xf0{\
/\xbc\xf0\xe41\xe9\xc7\x03\x9e\xbaQu\xbb\xf8\xd3x\
\xbc\xe0z\x07\xf7\xf4\xb6\x1b\xf1N[-\x00H\xaf\xb7\
O\xaf\x1a\x00TX\xff\xe2\x03\x80\xe3\xe0\xe5\xb1\xc5H\
o6\xd3s\x06\x80\x80\x07\x7fp\x00\x10T\xaf\xd7\xa3\
\xfb\xa1\xeb\x07\xeck<\x0f\xd6\xeb\x87\xda?\x1a\xf4\xbd\
\xef]\xbd-\xack}\x9e\xe4\xe3\x01o\xba\xfd3\xd5\
\xed\xe2O\xdf7\x10\xfc\x22\x9b@\xff\xd8\x1e\x9d\xe3\x14\
\xf1N\xdb\x8e\xe9I\xaf\xb7O\xaf\x0c\x00*\xbc\x7f\x1b\
\xa6\xe7\xda\xac\x01\xa0\xe1\xc1\x9f\xc7\x16#\xbd\xd9L\xcf\
\x1a\x00\x02\x93oP\x00\x10V\xaf\xd7\xd3O\xfc\xdc\xf3\
`\xa5\x1b\xea8\xbf\xe2w\x11\xf5^r\xc9E\xf4m\
o\xd6\xbb\xbb\x85\x0c\xe3\xd8\xde\xb5\xb2\xb2\xfc\x08\xa9\xc7\
\x03\xdet\xa3\xef\x95x\xa7\xeaf\xf1\xa7\xf1|\xe1\xf5\
\x0e\xee\xd1UN\x11\x1f\xb3\xed\x98\x9e\xf4z\xfb\xf4(\
\x00(^\xff6L\xcf5_-\x00x\x1e\xfcyl\
1\xd2\x9b\xcd\xf4j\x01\x80\xf1\xb6\x977\x00\x08\xac\xb7\
\xd1[YY\xf9\xe7\xba^\xdf\xfd\xf7\x9do\xfd/\xb8\
\xdeV\xb7qv\x1c\xdfO\xe8\xb1\xdd\xf1\xfeu]\xef\
A\xf7\xe8q\xd7\xc5\xe2O\xe3\x01#\xa8wP\xaf\x1a\
\x00\x14\xffy\xb63\xb6z\xfb\xf4T\xe0\xd7\x01W\xc6\
\x86\xe9\xb9\xe6\x9c\x0b\x00\x01\x0f\xfe<\xb6\x18\xe9\xcdf\
zs\x01\x80\xf9\x99Wc\x00\x10Z\xaf\xd3;t\xe8\
\xd0}u\xbd\x9fU\xcd\x0fL\xe7[\xff\x03\xd5{\xbd\
g\x7f9\x8b\xc3\x1b\xf4\x98t\xbc\x7f\xad\xea]]]\
y\x98\xfe\xab\xe1\xd7\xf4\xfe\xd1\x89j\x14N\xe8\x84\xcb\
\xff\xa5\xc7+\xd4\xfe\xedmm\xdfw\xbf\xb0\xfd\x1b\xc8\
\xa3\xcb6?\xa0\xe2\x17\xff\xb7\x8d\xa4\xdeA\xbd2\x00\
\xa8\x16![\x8f\x9d\xb1\xd5\xdb\xb3\xc7\x0e\x00\xa6\xe7\x9a\
w\x16\x00\x02\x1f\xfcy\x07\xc5\xb07\xc1\xde,\x00\xb4\
8\xe1\xc5\x19\x00\x04\xd7k\xf567Ol\xe9z?\
\xa8\x9a\xeb\xfd\x9cr\xfc\x95<`\xbd\x17\xea\xf1E\xcf\
~s\x8e\xef/v\xbc\x7f\xacz\xd7\xd6\xd6\xbeA/\
\xfc7\x05<\xfe\xe83\xec'\xa9\xca\xbd\x0c\x16\xb1\x7f\
\x02\xbc\x1fPq\xc7\x97\xc6cGT\xef`\x1e\x9d\x03\
\xa0\xda-\xfee\x00\x18U\xbd={\xac\x00@\xdf\xf1\
cz\xae\xb9\xa7\x01\x80\xf1\xe0\xcf;(\x86\xb5\x09\xf7\
\xa6\x01\xa0\xe5\xd9\xae\xd6\x00 \xbc\xde\x9aw\xff\xfb\xdf\
\xe7P\x96-\xbd\xceQcu<s\x88\xfd\x0b\xf0\xfe\
?\xdf\xbe3\x8e/\xdd6\xf6\x11\x1d\xef_P\xbd\xcb\
\xcb\x93\x1f\xd1\xfbu\x1b\xf3mW\xfakv\xdb\xe6\x8d\
\xe5\xf1\xc7\xf4\xe8\xedT\xfa\xba\xe9\xb6\xc7\xf7\xd3z\x1c\
\x1aQ\xbd\x83y*\xf0\xeb\x80m\x83\xbeeul\xf5\
\xf6\xec\xb1\x02\x00}\xcb\xaf\xe5x\xd47J\x0a\xcc\xc5\
+\x17\xd8\x9c\xc1<\xbd\xed\xb4\x5c\xfc\xad\x01@z\xbd\
6\x8f\xce\x82\x0f\xa8\x95\xde\x82\xae\xbdp\x0a\xa9\xf7\xa4\
\xea\xe6\xfb\xe3\xcb\xf1\x19=.\xedp\xff\xbc\xf5\xea\xe7\
\xf1\xf7/\xb5\xbf\xe3\xdd\xfb\x8b\x1eH9\x1e}{\xf4\
\x8d\x93m\x8f\xefs\x17\xb0\x7f\xa9x\xad\x02\x00\xf5\x7f\
uu\xf5\xda\x11\xd6\xdb\xa7\x17\x1c\x00\xa8\x7f\xdb\xdb[\
\x9b\xde\xfd\xa3\x1fRR`\xbe\xb8\xe5\x02\x9b3\x98G\
I\xb5\xe5\xe2_\x0b\x00c\xa8\xd7\xf4&\x93\xc93\x03\
k}\xc9\x10\xfb\xc7\xf0^a\xdb\xef\x88pG\x8b\xea\
\x89E\xd4{\xf4\xe8\xd1K\xf4~}1\xe2\x84+\x1a\
\x1f\xb0\xbdm(\xfd\xf1\xd7\xd2\xa3 \xfaI\xc5?\xbe\
\xf4\xee\xce\xbd\x17\xb0\x7f\xa9x\xec\x00P\x1e\x83J\x00\
\x18S\xbd}zA\x01\xa0\xec_%\x00\xb8\x17\x7f\xfa\
%\xfdC\xe6\x8b[.\xb09\x83y\xf4@m\xb9\xf8\
\xcf\x05\x80\xb1\xd4[\xf5\xf4\xe2O\xf7\xf0\x9f\xfb\xa6\xb4\
\x86\xf1\xd2E\xef\x1f\xd3{\x8a\xb9\xcf\x11\x8b\x7f9\xe8\
\xe63\xeb}\xd7\x9be\xd9\x0b#\x17\xff\xe9\xd0\xce\x8b\
\x05\x1d\x8f^=\xbd\xfdd\x8b\xe3\xfb\xc6E\xed_\x22\
\x1e+\x00T\x8fC\x11\x00\xc6Vo\x9f\x9e7\x00T\
\xfbW\x04\x80\xe6\xc5\x9f&\xad\x06\x00\xdf\x04\xca\x11\x00\
\x044g0\xaf\x1a\x00\x14\xffEwwl\xf5\x96C\
\xff\xb5\xf8]\xfaWw2j\xbdE\xed\x7f#\x9f\xd4\
z\x7f\xa6\xba\xbf\x1d,\xfe\xe5x\xf9\xb1c\xe7L\xfa\
\xaa\xf7\xf2\xcb\xef}X\xef\xdb\xa7b\x17\xff\xb2\xc6\x95\
\x95\xe5\xef\x16r<z\xf567O\xd0\xeb\xdeg\x98\
\xc7\xf7{\x16\xb5\x7f\x89x\xc1\x01\xc0|\xae\x15\xe7\x00\
\xf4\xbd\x7fc\xf2\x1a\x03\x80\xd9\xbf\xe2\x1c\x00\xff\xe4e\
\x00h\xc2\x8d\x91\x0bl\xce`^\x19\x00T\xbb\x17\xde\
\xdd\xb1\xd5\xfb\x90\x87\xcc\xce\xee\xe5,\xfe\xe5\xf8\x09\xa1\
\xf5\xd2Mbf_\x15\xdc\xe1\xe2?\x1d\xfa/\xebW\
\x9f<y\xfe\xb9}\xd4{\xe8\xd0\xfa\xfd\xbbZ\xfci\
d\xd9\xd2;\x05\x1c\x8f\x85x\xfaq\xfc\x8b\x8c\xe3K\
\x1f\x19\xac\x8e\xb9\xde\x01\xbc\xa0\x00\xe0x\xbe\xed,`\
\xff\xc6\xe49\x03\x80\xad\x7f\xf4q^\xd0\xe4\x94\x14\x5c\
\xb0c\xe4\x02\x9b3\x98GIU\xb5\x7f\xf1\xdd\x1dS\
\xbdt\x8b\xdf\xc9$\xfbY\x15\xfe\xb6\xbf9n\xa7w\
\x0e\x04\xd6\xfb\xd4r\x1f\xbb^\xfc\xbf\xba\xb0f\xff\xfd\
\xc8\x91#\x97\xf5\xf0\xf8{h\x17\xfbg\xd4{mW\
\xfb'\xe4\xf8Z\xbd\xe3\xc7\xcf\xbd\xbb\xae\xf7\x0b*\xac\
W\xbf4\xf6z\x07\xf0\xbc\x01\xa0\xe1\xf9\xc6\x0e\x00\x02\
\xea\xed\xd3\xb3\x06\x80\x86\xfeY\x03@m\xf2\x22)\xb0\
\x03\x80\xb0\xe6\x0c\xe6\xa9\xc0\xaf\x03\xb6\x0d\xfaKz,\
\xf5\xea\x8d\xaevx{\xdbZ\xd5W\x1f\xacw\xea\xba\
O\xdf\xf3\x9e\x97\x1c\x15P\xef\x9a\x1e\xbf\xa0\x8a@\xd3\
\xd7\xe2_\x19\xb7\xea\x9f\xef\xe9q\xb7\xae\xea]ZR\
\xdf\xd4\xe1\xfe\x95\xbf{i}\x0f\xda\xed\x9f\xd4\xc7s\
\xe5\xf9\xfb\x1c\xe5\xef\x15\xdd\xd9\xf2\x92\x14\xea]\xb0\xd7\
\x18\x00<\xcf7V\x00\x10Ro\x9f^-\x00x\xfa\
g\x0d\x00\xb6\xc9\xd9\x01@`s\x86\xf4Z\x05\x80\xe2\
m\x9aSR\xeb\xbd\xe6\x9a\xab\xe9\xce~\xf7\xd1\x8b\xf5\
\x93\xf5_\xafo\xeba1\xa4\xb7T\x7fY\x8f\x7f\xaa\
\xc7\xe6\x82\xeb\xa5\x9b\xff<]\x8f\x0f5\xec_\xd7\xf5\
V\x7f\x7f\xbb\x1e\xafT\xfb/\x90\xce\xb3\xca\x03\xeb\xbd\
\xb4\x87\xfd\xfbhh#\x03\xf6\x8f\xbd-\xd8\xa3\xcb\x1f\
\xefP\xcd\xfdzMB\xf5.\xd2s\x06\x80\x80\xe7[\
p\x00\x10To\x9f\xde\x5c\x00\x08\xe8_c\x00\xa8N\
\xde&\x00Hk\xce\x90\x1e;\x00T>\xa79%\xb5\
^\xbd\xe8\xff\xc1\x82\x16\xc3r\xdc\xa6\xc7\xbf\xea\xa9\xde\
\xe3z\xbcJ\x8f7\xe9\xf1\xf1\x96\xfb\xd7u\xbd\xd5\xf1\
wz\xbcG\xed/4\xc7[\xd4[\xab\xa9\x83\xfd\xbb\
\xd8w,\x18\xfb\x17\xbc\x0d\xe0}\xad\xf2\x7f\xa4\xf5\xed\
\x09\xd5\xbbH\xcf\x1a\x00\x02\x1f\x7fA\x01@X\xbd}\
z\xb3\x00\x10\xd8?g\x000'g\x05\x00\xbd0\x9c\
\x16\xd8\x9c!=V\x000N\xd48%\xb5^}\x9c\
_?\xc0bx\xaa\xa7z\xcff\xc1MI\x00\x00 \
\x00IDAT\xefh\xff\xfaX\xfc\xcdq\xb2E\xbd\
\xff\xae\x87\xfdk\xbc\x9b!s\xff\x82\xb6\x81\xbcg\xa9\
\xe6\x9e\xd1\xbb!\x93\x84\xea]\xa4W\x0b\x00\x8c\xc7\x9f\
7\x00\x08\xac\xb7Oo\x1a\x00\x18\xfds\x9e\x03`\xfe\
88\x00\xd0d\x93\xc9dO`s\x86\xf4\x82\x03\x80\
y\xe0\x8as\x00\xfa\xde\xbfV^\x19\x00Bk\x0b\xa9\
7\xc0s\x06\x80\xc8z\xad\x01@\xe0\xe2?\x0b\x00\xcc\
z\xe9#\x14\xef\xbb\x00\xcc\xfd\xfb\xfe\xa6\x86&\xf2\xfc\
]\xd5\xe3\xafUs\xdf~.\xa1z\x17\xed\xcd\x05\x00\
\xe6\xe3\xaf1\x00\x08\xad\xb77Oog\x98\xfd\xb3_\
\x05`\xd9\x82\x02@e\xd1\xda\x93\xd6\x9c\x81\xbd\xa0\x00\
\xe08x\xbb\x0b\xd8\xbfV\x9e>\xce\x8fW\xfb\x9f\xd1\
\xb7\x1a:@<k2\xf9\xea\xa0\xff\x1d\xf0\xdf}}\
O\xf5\xd2\x95.\xaf\xaf\x8e,[z\x83\xde\xa7\xcaX\
z\x83\xf9o8\xa3Co\xb3e\xbdW\xeb\xf1)\x15\
\xf6\xf8\xfb\xb4\xdeG\xfa\x16\xc4\x1b]\xff^\xed\x9f#\
a\xdd\x12z\xfe\xd2u\xfdM\xcf[\xba\xd4\xf5dB\
\xf5.\xda\x9b\x05\x80\x16\xe1\xd8\x19\x00\x04\xd7\xdb\x9b\xa7\
\x9f\xafg\x99\xfd\xab\x07\x00\xc7\xe6\x0d\x00\xc6_\xad{\
\xd2\x9a3\xb0\xe7\x0d\x00\x0d\x0f~v\x00\x10P/<\
\xb9\x1e\x9d\xa9\xfeje|\xa6]y\xdc}L?\x7f\
\x9fv\xfe\xf9\xe7\x1d+<:\x0b\xfe\xdd\xca\xfe\xb8=\
=\x82zc=\x0aiM\xcf\xddW&V\xef\xa2\xbd\
i\x00h\xf9\xce\x985\x00\x08\xaf\xb77\xcf\x0c\x00\xca\
\xdf\xbfn\x02\x80y\xe0\x8as\x00\xa2\x8a\x91\xdel\xa6\
\xd7\x18\x00<\x0f~V\x00\x10R/<\xf9\xdeez\
\xfc\x88\x1e\xffA?__2\x99d\xcfYYY\xfe\
N\xbak\xa0\xc5\xfbqe\x7f\xec\xd6\xbe\xb9Qp\xbd\
m<\xea\x91\xef\xe4\xbf\x87%T\xef\xc2=\xbd\xedF\
|,V\x0b\x00\xd2\xeb\xed\xd3\xab\x06\x00\x15\xd6\xbf\xf8\
\x00\xe08xyl1\xd2\x9b\xcd\xf4\x9c\x01 \xe0\xc1\
\x1f\x1c\x00\x04\xd5\x0b/-\xef\xe1\xca\xfe\xf8}\x82\x90\
\xfd\xeb\xcb\xa3\x8f\x9c\x9a^@?t\xe5\x95\x0fXK\
\xa8\xde\x85{t\x8eS\xc491;\xa6'\xbd\xde>\
\xbd2\x00\xa8\xf0\xfem\x98\x9ek\xb3\x06\x80\x86\xc5+\
\x8f-Fz\xb3\x99\x9e5\x00\x04&\xdf\xa0\x00 \xac\
^xiy\xae\xcf\xc1\xff\xa9\x90\xfd\xeb\xc3\xa3\x8f>\
nQ\x0d/\xa0\xf4-\x97\x09\xd5;\x88GW9E\
\x9c\x10\xbbcz\xd2\xeb\xed\xd3\xa3\x00\xa0x\xfd\xdb0\
=\xd7|\xb5\x00\xe0Y\xbc\xf2\xd8b\xa47\x9b\xe9\xd5\
\x02\x00\xe3m/o\x00\x10X/\xbc\xb4\xbc'*\xfb\
c\xf3k\x84\xec_\x1f\xdew\xab\x86\x17O\xfd|\xbd\
\xed\xdcs\x8f\x9dL\xa8\xdeA\xbcj\x00P\xbc\xc5k\
\x16\x00\xc6To\x9f\x9e\x0a\xfc:\xe0\xca\xd80=\xd7\
\x9cs\x01 `\xf1\xcac\x8b\x91\xdel\xa67\x17\x00\
\x98\x9fy5\x06\x00\xa1\xf5\xc2K\xcb\xb3\xbd\x15\xfe1\
A\xfb\xd7\x87\xf7:\xe5^\xfc\xe9<\xa7\xeb\x12\xabw\
\x10\xaf\x0c\x00\x8a\xbf\xf8O\x03\xc0\xd8\xea\xed\xd9c\x07\
\x00\xd3s\xcd;\x0b\x00\x81\x8bW\xdeA1\xecM\xb0\
7\x0b\x00-Nxq\x06\x00\xc1\xf5\xc2K\xcb\xb3}\
\xbf\xc3\x0b\x05\xed_\xd7\x1e])A\xf7\xf6\xb7.\xfe\
4VWW\x1f\x9cP\xbd\x83y\xc5\xb7\x86\xc6\x04\x80\
Q\xd5\xdb\xb3\xc7\x0a\x00\xf4\x1d?\xa6\xe7\x9a{\x1a\x00\
\x18\x8bW\xdeA1\xacM\xb87\x0d\x00-\xcfv\xb5\
\x06\x00\xe1\xf5\xc2K\xc7;W\x8f/\xab\xfa\xe3\xf2\xe1\
B\xf6\xaf\x0f\xef\x97T\xc3\xe2\x9feK\xefK\xac\xde\
\xc1<\x15\xf8u\xc0\xb6A\xdf\xb2:\xb6z{\xf6X\
\x01\x80\xbe\xe5\xd7r<\xea\x1b%\x05\xe6\xe2\x95\x0bl\
\xce`\x9e\xdev\x22.u\xa9\x05\x00\xe9\xf5\xc2K\xca\
\xb3\xbd@\xff\xe5}\xef{\xf9\xba\x90\xfd\xeb\xda\xa3\x17\
\xc1O(\xc7\xe2_\xdc\xe7\xe4\xa9\x09\xd5;\xb4\xd7*\
\x00\x14\xef\xc2\x5c;\xc2z\xfb\xf4\x82\x03\x00\xf5o{\
{k\xd3\xbb\x7f\xf4CJ\x0a\xcc\xc5+\x17\xd8\x9c\xc1\
<J\xaa\x11\x97\xba\xec\x9a\x9e\xf4z\xe1%\xe3-\xe9\
\xf1^e<&\xf5\x02\xf8\x0c!\xfb\xd7\x87\xf7\x9d\xaa\
a\xf1\xd7\xe3\x8b'N\x1c\xdfJ\xa8\xde\xa1=v\x00\
\xa8|\x0cs\xed\x08\xeb\xed\xd3\x0b\x0a\x00e\xff*\x01\
\xc0\xbd\xf8\xd3/\xe9\x1f2\x17\xaf\x5c`s\x06\xf3\xe8\
\x81\x1aq\xa9\xcb\xae\xe9I\xaf\x17^2\xdew\xa8\xfa\
\x8b\xc7-'O\x9e\x7f\xae\x90\xfd\xeb\xc3\xfbC\xe5^\
\xfc\xe9\xe4\xbf\xdfJ\xac\xde\xa1=V\x00\xa8\x1e\x8b\x22\
\x00\x8c\xad\xde>=o\x00\xa8\xf6\xaf\x08\x00\xcd\x8b?\
MZ\x0d\x00\xbe\x09\x94#\x00\x08h\xce`^5\x00\
(\xfe\xdb]\xbbc\xab\x17^\x12\xdea=>\xa8\x8c\
\x17\x8f\xe5\xe5\xe5\x1f\x10\xb2\x7f}x\x97\xaa\xca\xc9\x7f\
\xb6\x8f\xed\xf4\xb8z\xc0\xfdK\xd1\x0b\x0e\x00\xe6\xb1(\
\xce\x01\xe8{\xff\xc6\xe45\x06\x00\xb3\x7f\xc59\x00\xfe\
\xc9\xcb\x00\xd0\x84\x1b#\x17\xd8\x9c\xc1\xbc2\x00(\xfe\
\xe2?\x0d\x00c\xab\x17^\x12\xde\xf3\x94\xf1\xe2\xa1\xff\
\xfa}\xb5\xa0\xfd\xeb\xc3\xfb\x15\xd5\xb0\xf8\xeb\x9f\xbfk\
\xe0\xfdK\xd1\x0b\x0a\x00\x8e\xe3\xb1\xb3\x80\xfd\x1b\x93\xe7\
\x0c\x00\xb6\xfe\xd1\xb9}A\x93SRp\xc1\x8e\x91\x0b\
l\xce`\x1e%U\xd5n\xf1/\x03\xc0\xa8\xea\x857\
z\x8f\xee\xf07\xbb\x07~\xf1\x82\xf1\xb7\xc7\x8e\x9ds\
\xa1\x90\xfd\xeb\xc3\xa3\xab\x1d>\xaf\xdc\x8b\x0d\x8d\xc7\x0f\
\xb8\x7f\xa9z\xde\x00\xd0p<\xd8\x01@@\xbd}z\
\xd6\x00\xd0\xd0?k\x00\xa8M^$\x05v\x00\x10\xd6\
\x9c\xc1<\x15\xf8u\xc0\xb6A\xd7\xc9\x8e\xad^x\xa3\
\xf6\xe8\xeb\x96\xffN\xcd\xbfx|eee\xf9\xbb\x85\
\xec__\xde3T\xf3\x8b%\xf5\xe4\xe8\x80\xfb\x97\xaa\
\xd7\x18\x00<WO\xb1\x02\x80\x90z\xfb\xf4j\x01\xc0\
\xd3?k\x00\xb0M\xce\x0e\x00\x02\x9b3\xa4\xd7*\x00\
\x14o\xd3\x9c\x1aa\xbd\xf0\xc6\xe9\xddG\x8fO)\xe3\
\xc5C\x87\xd0\x1f\x13\xb2\x7f}ykz|\xcc\xf3b\
\xf9\xfc\x01\xf7/e\xcf\x19\x00\x02.\x9d\x0e\x0e\x00\x82\
\xea\xed\xd3\x9b\x0b\x00\x01\xfdk\x0c\x00\xd5\xc9\xdb\x04\x00\
i\xcd\x19\xd2c\x07\x80\xca\xe74\xa7FX/\xbc\xf1\
y\xf41\xd5\xdf(\xe3/\x7f\xbd\xf8?I\xc8\xfe\xf5\
\xe6\xe9\xedi\x9e\x17K\xfa8\xe4~C\xed_\xe2\x9e\
5\x00\x04,^\xc1\x01@X\xbd}z\xb3\x00\x10\xd8\
?g\x000'g\x05\x80,\xcbN\x0bl\xce\x90\x1e\
+\x00\x18'j\x9c\x1aa\xbd\xf0\xc6\xe3\xd1\xb5\xfe?\
\xad*w\xfb+\x1e{_\xd4\x8f\xbd\xc7\x08\xd8\xbf^\
=\x1dp\xce\xd5\xb5~\xda\xf3b\xf9\xfa\xa1\xf6\xef\x00\
x\xb5\x00\x10\xb8x\x05\x05\x00\x81\xf5\xf6\xe9M\x03\x00\
\xa3\x7f\xces\x00\xcc\x1f\x07\x07\x80\xe2-\xc3=\x81\xcd\
\x19\xd2\x0b\x0e\x00\xe6\x81+\xce\x01\xe8{\xff\xe0\x1dL\
\xef\x1f\xea\xf1FU\x7f\xfc\xfd\xef\xf5\xf5\xb5\x07\x0a\xd8\
\xbf\xde=\xfd\xc7\xca\xb3\x03^,\xbfm\xa8\xfd;\x00\
\xde\x5c\x00`,^\xde\x00 \xb4\xde\xde<\xbd\x9da\
\xf6\xcf~\x15\x80e\x0b\x0a\x00\x95EkOZs\x06\
\xf6\x82\x02\x80\xe3\xe0\xed.`\xff\xe0\x1d,\xef\x02\xb5\
\xff\xd7\xc2\xdc\x17\xde\xe8\xc7\xdb]zA|\xfey\xe7\
m\x9fH\xac^\xab\xb7\xba\xba\xfa\x0d\xba\xe6;</\
\x96t'\xc4\xa5!\xf6\xef\x80x\xb3\x00\xc0\x5c\xbc\x1a\
\x03\x80\xe0z{\xf3\xf4s\xf7,\xb3\x7f\xf5\x00\xe0\xd8\
\xbc\x01\xc0\xf8\xabuOZs\x06\xf6\xbc\x01\xa0\xe1\xc1\
\xcf\x0e\x00\x02\xea\x85'\xcf\xcb\xf4x\x98\x1e/\xd3\xe3\
vU\x7f\xfc\xfd\xa9^\x10\xffIB\xf56z'O\
\x9e\x7fN\x96-\xbd?\xe0\xc5\xf2_\x0e\xb1\x7f\x07\xc8\
\x9b\x06\x80\x16\x8b\xbf3\x00\x08\xaf\xb77\xcf\x0c\x00\xca\
\xdf\xbfn\x02\x80y\xe0\x8as\x00\xa2\x8a\x91\xdel\xa6\
\xd7\x18\x00<\x0f~V\x00\x10R/<Y\xde!=\
\xfeB\xd9\x1f\x7f\x7f\xbe\xbc<\xf9\xfe\xab\xae\xbab=\
\xa1z\x1b\xbdk\xae\xb9zU\xbfF\xbd8\xe0\xc5\x92\
\xfe\xfa\xcf\x16\xbd\x7f\x07\xc9\xd3\xdbn\xcb\xc5\xdf\x1a\x00\
\xa4\xd7\xdb\xa7W\x0d\x00*\xac\x7f\xf1\x01\xc0q\xf0\xf2\
\xd8b\xa47\x9b\xe99\x03@\xc0\x83?8\x00\x08\xaa\
\x17\x9e,\xcf\xf6\xfc}\x87\x1e\x8f\x11\xfa\xad~\x13\xb5\
\x7fI\xe2C\x97\x97\x97\x1fM\xf7 \xa0w'N\x9c\
8\xbe\xdd\xc5\xfeM&\xf3\x9f\xfb+\xf7\x0b\xe4#C\
<\x81\xfd\x1b\x8dG\xe78\xb5\x5c\xfck\x01`\x0c\xf5\
\xf6\xe9\x95\x01@\x85\xf7o\xc3\xf4\x5c\x9b5\x004,\
^yl1\xd2\x9b\xcd\xf4\xac\x01 0\xf9\x06\x05\x00\
a\xf5\xc2\x93\xe5\x95\xcf_\xba\xc6\xff?\xe8q\x7fa\
\xfbWn\xf4<y\x85*nD\xe4x~|D\x8f\
\xdfP\xfb_Tt\x84\xb3\x7f\x97\x5cr\xd1\x11:\xc7\
!p\xb1\xb9Q5|\xf6/\xb4\x7f\xa3\xf3\xe8*\xa7\
\x96\x8b\xff\x5c\x00\x18K\xbd}z\x14\x00\x14\xaf\x7f\x1b\
\xa6\xe7\x9a\xaf\x16\x00<\x8bW\x1e[\x8c\xf4f3\xbd\
Z\x00`\xbc\xed\xe5\x0d\x00\x02\xeb\x85'\xcb[\xd7\xe3\
{\xd4\xfe\x0do$\xee\x1f\xdd\x86\xf7\x95\x8a\xff\xfc\xf8\
\x92\x1e\xaf\xd5\xe3\x89z\x9cl\xda\xbf\xb5\xb5\xb5+\xf5\
\x0b\xe4\xdb\x03\x17\x1b:9\xf2\x81=\xd6\x0b\xaf\xf0\xaa\
\x01@\xf1\x16\xafY\x00\x18S\xbd}z*\xf0\xeb\x80\
+c\xc3\xf4\x5cs\xce\x05\x80\x80'g\x1e[\x8c\xf4\
f3\xbd\xb9\x00\xc0\xfc\xcc\xab1\x00\x08\xad\x17\x1e\xbc\
P\xe2\xb8\xda\xff\xac\xbd\xed\xf3\xa3\xbah\xbfY\x8f\x1f\
W\xfb\x1f\x1f\xd0g\xf7\x14,\xbeU/\xfc\xbf\xab\x8d\
/3\xbc\xff\xd8c\xbd\xf0*^\x19\x00\x14\x7f\xf1\x9f\
\x06\x80\xb1\xd5\xdb\xb3\xc7\x0e\x00\xa6\xe7\x9aw\x16\x00\x02\
\x9f\x9cy\x07\xc5\xb07\xc1\xde,\x00\xb4xqs\x06\
\x00\xc1\xf5\xc2\x83\x17\xba\xfd\x91\x8a_\xfcm\xe3\x8e\x96\
\xdeG\xf58\xa7\xc7z\xe1U<:\x07@\xb5;\xbe\
e\x00\x18U\xbd={\xac\x00@\xdf\xf1cz\xae\xb9\
\xa7\x01\x80\xf1d\xca;(\x86\xb5\x09\xf7\xa6\x01\xa0\xe5\
\x8b\x9b5\x00\x08\xaf\x17\x1e\xbc\x90\xed\x11\xaa\x9f\xc5\xbf\
\xadG\xb7\xfc\xb5\xde\xf4Gh\xffF\xef\xa9\xc0\xaf\x03\
\xb6\x0d\xfa\x96\xd5\xb1\xd5\xdb\xb3\xc7\x0a\x00\xf4-\xbf\x96\
\xe3Q\xdf()0\x9fL\xb9\xc0\xe6\x0c\xe6\xe9m'\
\xe2\xc5\xad\x16\x00\xa4\xd7\x0b\x0f^\xe0\xf6:%g\xf1\
\xa7\xf1\xdc\x9e\xeb\x85W\xf7Z\x05\x00:\x9e\xab\xab\xab\
\xd7\x8e\xb0\xde>\xbd\xe0\x00@\xfd\xdb\xde\xde\xda\xf4\xee\
\x1f\xfd\x90\x92\x02\xf3\xc9\x94\x0bl\xce`\x1e%\xd5\x88\
\x17\xb7]\xd3\x93^/<x\x01\x1b\x9d\xc1\x7f\x9b\x92\
\xb3\xf8\xbf]\x8f\xda[\xa0\x82\xfb\x97\x8a\xc7\x0e\x00\xe5\
1\xad\x04\x801\xd5\xdb\xa7\x17\x14\x00\xca\xfeU\x02\x80\
{\xf1\xa7_\xd2?d>\x99r\x81\xcd\x19\xcc\xa3\x07\
j\xc4\x8b\xdb\xae\xe9I\xaf\x17\x1e\xbc\x80\x8dN\xd4\x93\
\xb2\xf8\xdf\xac\xc7\x85=\xd7\x0b\xcf\xee\xb1\x02@\xf5\xb8\
\x16\x01`l\xf5\xf6\xe9y\x03@\xb5\x7fE\x00h^\
\xfci\xd2j\x00\xf0M\xa0\x1c\x01@@s\x06\xf3\xaa\
\x01@\xf1_\xd4\xe8\x86-7\xd0\xc8\xb2\xecez\xbc\
\xbc2^V\xfe\xae\xcdpxO\x89\xadW\xfa\xf1\x80\
7\xbc\xa7\xe2>\x16\xebr\xf1\xff\xbc\xda\xffR\xa4^\
\xeb\x1d\x8b7\x99L\x9e\xde\xf3\xeb\x8b\xf9\xef\xe8\xf5\xad\
\xd5\xf1-\xce\x01\x88\xaaW\xfa\xf1`z\x8d\x01\xc0\xec\
_q\x0e\x80\x7f\xf22\x004\xe1\xc6\xc8\x056g0\
\xaf\x0c\x00j\xf1/nm\xbc\xebb\xeb\x95~<\xe0\
\x0d\xef\xad\xad\xad=P\xc0\xe2\x7f\xab\x1e\x0f]D\xbd\
c\xf1\xf4\x22}\xc3\x80\xc7\x83\xeb\xed\xc4\xd6+\xfdx\
0=g\x00\xb0\xf5\x8f\xce\xed\x0b\x9a\x9c\x92\x82\x0bv\
\x8c\x5c`s\x06\xf3(\xa9*\xf9O\xa6V\x01`\x8c\
\xc7\x03\xde\xf0\xde\xe6\xe6\x89-\xfd\xb8\xbbk\xc0\xc5\xe6\
\x8bz\x5c\xbb\xa8z\xc7\xe2\x95\x01@\x8d\xe3\xf5\x8a\x1d\
\x00\xc6v<\x98\x9e5\x004\xf4\xcf\x1a\x00j\x93\x17\
I\x81\x1d\x00\x845g0O\x05~\x1d\xb0m\x0c\xf0\
6ip\x00\x18\xeb\xf1\x80'\xc3\xd3\x8b\xcd[\x06Z\
l\xfeV\x8foZt\xbdc\xf0\xf41\xb9^\x8dc\
\xf1g\x07\x801\x1e\x0f\xa6W\x0b\x00\x9e\xfeY\x03\x80\
mrv\x00\x10\xd8\x9c!\xbdV\x01`\xa0\xcfH\x83\
\x02\xc0\xc8\x8f\x07<\x01\xded2\xf9!\xb5\xf8\xc5\xe6\
}z\xdcs\x88z\xc7\xe0\xa9\xfd\xe7\xff\x18\x16\x7fV\
\x00\x18\xeb\xf1`zs\x01 \xa0\x7f\x8d\x01\xa0:y\
\x9b\x00 \xad9Cz\xec\x000\xd0\xe2\x1f\x14\x00\x12\
8\x1e\xf0\x04x[[\x9bt\xbb\xde\xb7\xaa\xc5-6\
t\x12\xda\xb9C\xd5;\x12\xafU\x00\x18\xe8\xf5*(\
\x00\x8c\xfcxp\xb6Y\x00\x08\xec\x9f3\x00\x98\x93\xb3\
\x02@\x96e\xa7\x056gH\x8f\x15\x00\x06\x5c\xfc\xbd\
\x01 \x91\xe3\x01O\x8ew_\xb5\x7f&~\x9f\xcf\x8f\
\xcf*\xdcQ3\xd4c\x07\x80\x01_\xaf\xbc\x01 \x81\
\xe3\xc1\xd9\xa6\x01\x80\xd1?\xe79\x00\xe6\x8f\x83\x03\x00\
M6\x99L\xf6\x046gH/8\x00\x0c\xbc\xf87\
\x06\x80\x84\x8e\x07<Y\x1e\xfd\x80\xce\xc8\xef\xe3\xf1\xfc\
{\xca\xf1M\x81\x09\xf5\xafK\x8f\x15\x00\x06~\xbdj\
\x0c\x00\x89\x1c\x0f\xcev\x86\xd9?\xfbU\x00\x96-(\
\x00\x94\x13V\x02\x80\x98\xe6\x0c\xec\xd1\xd7\xb1^\xda4\
t\xdf.=t\xe8\xd0\xbd\x0e\x1f>|\xefr\xd0\xff\
\xa6\x9f\xfb\xfe\xdb\x8e\xbdm\x81\xfd\x83\x97\xbeG\xbf\xb8\
Eu\xb78\xfc\x89\x1e\x0f\x16\x5c\xafT\x8f\x9e\xff}\
\xbe\xbet\xe9\xad\x0b\xec\xdf`^\x96eg\x99a\xac\
\x1e\x00\x1c\x9b7\x00T'-\x02\x80\xa8\xe6\xc0\x83\x07\
O\xbcG\x8b\x0f\xfd\xc5N_\xca\xd3f\xf1\xa7\xff\x8e\
\xbe_\xe0[\xf5X\x1aA\xbd\xf0\xe0u\xe6\x99\x01@\
\xf9\xffh\xef&\x00\x98O\xcc\xe2\x1c\x80\xa8b\xa47\
\x1b\x1e<x\xbdy\xf7\xd7\xe3\xc5z|J\xf9\x17\xff\
\xdb\xf5\xb8Q\x8f\x9f\xd4\xe3\xe2\x05\xed\x1f<x\xe2\xbc\
j\x00Pa\x1f\xb9\xc4\x07\x00\xc7\x933\x8f-Fz\
\xb3\xe1\xc1\x83\xd7\xafw\xf1\xc5\xf7XZ[[\xbbb\
yy\xf9\xd4d2y\xc6d\x92\xfd\xb2~\x91{\x96\
\xda_\xec\x1f\xab\xc7\x83\xf48<\xd4\xfe\xc1\x83'\xc9\
+\x03\x80\x0a?\xe7b\xc3\xf4\x5c\x9b5\x004$\xf3\
<\xb6\x18\xe9\xcd\x86\x07\x0f\x1e<x\xf0\xa4x\x14\x00\
\x14\xef\xa4\xcb\x0d\xd3s\xcdW\x0b\x00\x9e\xb7\xe5\xf2\xd8\
b\xa47\x1b\x1e<x\xf0\xe0\xc1\x93\xe2\xa9\xc0\xaf\x03\
VF\x00\xa8z\xae9\xe7\x02@\xc0\x099yl1\
\xd2\x9b\x0d\x0f\x1e<x\xf0\xe0\x09\xf2\xd8\x01\xc0\xf4\x5c\
\xf3\xce\x02@\xe0\xd9\xb8y\x07\xc5\xb07x\xf0\xe0\xc1\
\x83\x07\xef\x80z\xac\x00@\xdf\xf1cz\xae\xb9\xa7\x01\
\x80q\x1dn\xdeA1\xac\x0d\x1e<x\xf0\xe0\xc1;\
\xc0\x1e+\x00\xd0\xb7\xfc\x9a\x9eurJ\x0a\xcc\x9bp\
\xe4\x02\x9b\x03\x0f\x1e<x\xf0\xe0\xa5\xea\x05\x07\x00Z\
\xbf\xb7\xb7\xb76\xbd\xfbG?\xa4\xa4\xc0\xbc\xc3P.\
\xb09\xf0\xe0\xc1\x83\x07\x0f^\xaa^P\x00(\xd7\xf0\
J\x00p/\xfe\xf4K\xfa\x87\xcc;\x0c\xe5\x02\x9b\x03\
\x0f\x1e<x\xf0\xe0\xa5\xeay\x03@u\x1d/\x02@\
\xf3\xe2O\x93V\x03\x80o\x02\xe5\x08\x00\x02\x9a\x03\x0f\
\x1e<x\xf0\xe0\xa5\xea5\x06\x00\xf3]\xfc\xe2\x1c\x00\
\xff\xe4e\x00h\xc2UC\x00\x10\xd2\x1cx\xf0\xe0\xc1\
\x83\x07/U\xcf\x19\x00l\xe7\xf0\xd1\xb9}A\x93S\
Rp\xc1\x8e\x91\x0bl\x0e<x\xf0\xe0\xc1\x83\x97\xaa\
g\x0d\x00\x0d'\xf0[\x03@m\xf2\x22)\xb0\x03\x80\
\xb0\xe6\xc0\x83\x07\x0f\x1e<x\xa9z\xb5\x00\xe0\xb9z\
\xcf\x1a\x00l\x93\xb3\x03\x80\xc0\xe6\xc0\x83\x07\x0f\x1e<\
x\xa9zs\x01 \xe0\xd2\xfd\xc6\x00P\x9d\xbcM\x00\
\x90\xd6\x1cx\xf0\xe0\xc1\x83\x07/Uo\x16\x00\x02\xef\
\xdb\xe3\x0c\x00\xe6\xe4\xac\x00\x90e\xd9i\x81\xcd\x81\x07\
\x0f\x1e<x\xf0R\xf5\xa6\x01\x80q\xd3>\xe79\x00\
\xe6\x8f\x83\x03\x00M6\x99L\xf6\x046\x07\x1e<x\
\xf0\xe0\xc1K\xd2\xd3\xdb\x19\xe6\x1d{\xedW\x01X\xb6\
\xa0\x00PNX\x09\x00b\x9a\x03\x0f\x1e<x\xf0\xe0\
\xa5\xeaeYv\x96y\xc7\xdez\x00pl\xde\x00P\
\x9d\xb4\x08\x00\xa2\x9a\x03\x0f\x1e<x\xf0\xe0\xa5\xea\x99\
\x01@\xf9\xffh\xef&\x00\x98\xa9\xa38\x07 \xaa\x18\
\xe9\xcd\x86\x07\x0f\x1e<x\xf0\xa4x\xd5\x00\xa0\xc2>\
\xb2\x8f\x0f\x00\x8e\xcf\x1c\xf2\xd8b\xa47\x1b\x1e<x\
\xf0\xe0\xc1\x93\xe2\x95\x01@\x85\x9f\xb0\xbfaz\xae\xcd\
\x1a\x00\x1aN8\xc8c\x8b\x91\xdelx\xf0\xe0\xc1\x83\
\x07O\x8aG\x01@\xf1.\xd7\xdf0=\xd7|\xb5\x00\
\xe09\xdb0\x8f-Fz\xb3\xe1\xc1\x83\x07\x0f\x1e<\
)\x9e\x0a\xfc:`e\x04\x80\xaa\xe7\x9as.\x00\x04\
\x5cj\x90\xc7\x16#\xbd\xd9\xf0\xe0\xc1\x83\x07\x0f\x9e \
\x8f\x1d\x00L\xcf5\xef,\x00\x04^g\x98wP\x0c\
{\x83\x07\x0f\x1e<x\xf0\x0e\xa8\xc7\x0a\x00\xf4\x1d?\
\xa6\xe7\x9a{\x1a\x00\x187\x19\xc8;(\x86\xb5\xc1\x83\
\x07\x0f\x1e<x\x07\xd8c\x05\x00\xfa\x96_\xd3\xb3N\
NI\x81y\x87\xa1\x5c`s\xe0\xc1\x83\x07\x0f\x1e\xbc\
T\xbd\xe0\x00@\xeb\xf7\xf6\xf6\xd6\xa6w\xff\xe8\x87\x94\
\x14\x98w\x18\xca\x056\x07\x1e<x\xf0\xe0\xc1K\xd5\
\x0b\x0a\x00\xe5\x1a^\x09\x00\xee\xc5\x9f~I\xff\x90y\
\x87\xa1\x5c`s\xe0\xc1\x83\x07\x0f\x1e\xbcT=o\x00\
\xa8\xae\xe3E\x00h^\xfci\xd2j\x00\xf0M\xa0\x1c\
\x01@@s\xe0\xc1\x83\x07\x0f\x1e\xbcT\xbd\xc6\x00`\
\xbe\x8b_\x9c\x03\xe0\x9f\xbc\x0c\x00M\xb8j\x08\x00B\
\x9a\x03\x0f\x1e<x\xf0\xe0\xa5\xea9\x03\x80\xed\x1c>\
:\xb7/hrJ\x0a.\xd81r\x81\xcd\x81\x07\x0f\
\x1e<x\xf0R\xf5\xac\x01\xa0\xe1\x04~k\x00\xa8M\
^$\x05v\x00\x10\xd6\x1cx\xf0\xe0\xc1\x83\x07/U\
\xaf\x16\x00<W\xefY\x03\x80mrv\x00\x10\xd8\x1c\
x\xf0\xe0\xc1\x83\x07/Uo.\x00\x04\x5c\xba\xdf\x18\
\x00\xaa\x93\xb7\x09\x00\xd2\x9a\x03\x0f\x1e<x\xf0\xe0\xa5\
\xea\xcd\x02@\xe0}{\x9c\x01\xc0\x9c\x9c\x15\x00\xb2,\
;-\xb09\xf0\xe0\xc1\x83\x07\x0f^\xaa\xde4\x000\
n\xda\xe7<\x07\xc0\xfcqp\x00\xa0\xc9&\x93\xc9\x9e\
\xc0\xe6\xc0\x83\x07\x0f\x1e<xIzz;\xc3\xbcc\
\xaf\xfd*\x00\xcb\x16\x14\x00\xca\x09+\x01@Ls\xe0\
\xc1\x83\x07\x0f\x1e\xbcT\xbd,\xcb\xce2\xef\xd8[\x0f\
\x00\x8e\xcd\x1b\x00\xaa\x93\x16\x01@Ts\xe0\xc1\x83\x07\
\x0f\x1e\xbcT=3\x00(\xff\x1f\xed\xdd\x04\x003u\
\x14\xe7\x00D\x15#\xbd\xd9\xf0\xe0\xc1\x83\x07\x0f\x9e\x14\
\xaf\x1a\x00T\xd8G\xf6\xf1\x01\xc0\xf1\x99C\x1e[\x8c\
\xf4f\xc3\x83\x07\x0f\x1e<xR\xbc2\x00\xa8\xf0\x13\
\xf67L\xcf\xb5Y\x03@\xc3\x09\x07yl1\xd2\x9b\
\x0d\x0f\x1e<x\xf0\xe0I\xf1(\x00(\xde\xe5\xfa\x1b\
\xa6\xe7\x9a\xaf\x16\x00<g\x1b\xe6\xb1\xc5Ho6<\
x\xf0\xe0\xc1\x83'\xc5S\x81_\x07\xac\x8c\x00P\xf5\
\x5cs\xce\x05\x80\x80K\x0d\xf2\xd8b\xa47\x1b\x1e<\
x\xf0\xe0\xc1\x13\xe4\xb1\x03\x80\xe9\xb9\xe6\x9d\x05\x80\xc0\
\xeb\x0c\xf3\x0e\x8aao\xf0\xe0\xc1\x83\x07\x0f\xde\x01\xf5\
X\x01\x80\xbe\xe3\xc7\xf4\x5csO\x03\x00\xe3&\x03y\
\x07\xc5\xb06x\xf0\xe0\xc1\x83\x07\xef\x00{\xac\x00@\
\xdf\xf2kz\xd6\xc9))0\xef0\x94\x0bl\x0e<\
x\xf0\xe0\xc1\x83\x97\xaa\x17\x1c\x00h\xfd\xde\xde\xde\xda\
\xf4\xee\x1f\xfd\x90\x92\x02\xf3\x0eC\xb9\xc0\xe6\xc0\x83\x07\
\x0f\x1e<x\xa9zA\x01\xa0\x5c\xc3+\x01\xc0\xbd\xf8\
\xd3/\xe9\x1f2\xef0\x94\x0bl\x0e<x\xf0\xe0\xc1\
\x83\x97\xaa\xe7\x0d\x00\xd5u\xbc\x08\x00\xcd\x8b?MZ\
\x0d\x00\xbe\x09\x94#\x00\x08h\x0e<x\xf0\xe0\xc1\x83\
\x97\xaa\xd7\x18\x00\xccw\xf1\x8bs\x00\xfc\x93\x97\x01\xa0\
\x09W\x0d\x01@Hs\xe0\xc1\x83\x07\x0f\x1e\xbcT=\
g\x00\xb0\x9d\xc3G\xe7\xf6\x05MNI\xc1\x05;F\
.\xb09\xf0\xe0\xc1\x83\x07\x0f^\xaa\x9e5\x004\x9c\
\xc0o\x0d\x00\xb5\xc9\x8b\xa4\xc0\x0e\x00\xc2\x9a\x03\x0f\x1e\
<x\xf0\xe0\xa5\xea\xd5\x02\x80\xe7\xea=k\x00\xb0M\
\xce\x0e\x00\x02\x9b\x03\x0f\x1e<x\xf0\xe0\xa5\xea\xcd\x05\
\x80\x80K\xf7\x1b\x03@u\xf26\x01@Zs\xe0\xc1\
\x83\x07\x0f\x1e\xbcT\xbdY\x00\x08\xbco\x8f3\x00\x98\
\x93\xb3\x02@\x96e\xa7\x056\x07\x1e<x\xf0\xe0\xc1\
K\xd5\x9b\x06\x00\xc6M\xfb\x9c\xe7\x00\x98?\x0e\x0e\x00\
4\xd9d2\xd9\x13\xd8\x1cx\xf0\xe0\xc1\x83\x07/I\
Oog\x98w\xec\xb5_\x05`\xd9\x82\x02@9a\
%\x00\x88i\x0e<x\xf0\xe0\xc1\x83\x97\xaa\x97e\xd9\
Y\xe6\x1d{\xeb\x01\xc0\xb1y\x03@u\xd2\x22\x00\x88\
j\x0e<x\xf0\xe0\xc1\x83\x97\xaag\x06\x00\xe5\xff\xa3\
\xbd\x9b\x00`\xa6\x8e\xe2\x1c\x80\xa8b\xa47\x1b\x1e<\
x\xf0\xe0\xc1\x93\xe2U\x03\x80\x0a\xfb\xc8>>\x008\
>s\xc8c\x8b\x91\xdelx\xf0\xe0\xc1\x83\x07O\x8a\
W\x06\x00\x15~\xc2\xfe\x86\xe9\xb96k\x00h8\xe1\
 \x8f-Fz\xb3\xe1\xc1\x83\x07\x0f\x1e<)\x1e\x05\
\x00\xc5\xbb\x5c\x7f\xc3\xf4\x5c\xf3\xd5\x02\x80\xe7l\xc3<\
\xb6\x18\xe9\xcd\x86\x07\x0f\x1e<x\xf0\xa4x*\xf0\xeb\
\x80\x95\x11\x00\xaa\x9ek\xce\xb9\x00\x10p\xa9A\x1e[\
\x8c\xf4f\xc3\x83\x07\x0f\x1e<x\x82<v\x000=\
\xd7\xbc\xb3\x00\x10x\x9da\xdeA1\xec\x0d\x1e<x\
\xf0\xe0\xc1;\xa0\x1e+\x00\xd0w\xfc\x98\x9ek\xeei\
\x00`\xdcd \xef\xa0\x18\xd6\x06\x0f\x1e<x\xf0\xe0\
\x1d`\x8f\x15\x00\xe8[~M\xcf:9%\x05\xe6\x1d\
\x86r\x81\xcd\x81\x07\x0f\x1e<x\xf0R\xf5\x82\x03\x00\
\xad\xdf\xdb\xdb[\x9b\xde\xfd\xa3\x1fRR`\xdea(\
\x17\xd8\x1cx\xf0\xe0\xc1\x83\x07/U/(\x00\x94k\
x%\x00\xb8\x17\x7f\xfa%\xfdC\xe6\x1d\x86r\x81\xcd\
\x81\x07\x0f\x1e<x\xf0R\xf5\xbc\x01\xa0\xba\x8e\x17\x01\
\xa0y\xf1\xa7I\xab\x01\xc07\x81r\x04\x00\x01\xcd\x81\
\x07\x0f\x1e<x\xf0R\xf5\x1a\x03\x80\xf9.~q\x0e\
\x80\x7f\xf22\x004\xe1\xaa!\x00\x08i\x0e<x\xf0\
\xe0\xc1\x83\x97\xaa\xe7\x0c\x00\xb6s\xf8\xe8\xdc\xbe\xa0\xc9\
))\xb8`\xc7\xc8\x056\x07\x1e<x\xf0\xe0\xc1K\
\xd5\xb3\x06\x80\x86\x13\xf8\xad\x01\xa06y\x91\x14\xd8\x01\
@Xs\xe0\xc1\x83\x07\x0f\x1e\xbcT\xbdZ\x00\xf0\x5c\
\xbdg\x0d\x00\xb6\xc9\xd9\x01@`s\xe0\xc1\x83\x07\x0f\
\x1e\xbcT\xbd\xb9\x00\x10p\xe9~c\x00\xa8N\xde&\
\x00Hk\x0e<x\xf0\xe0\xc1\x83\x97\xaa7\x0b\x00\x81\
\xf7\xedq\x06\x00srV\x00\xc8\xb2\xec\xb4\xc0\xe6\xc0\
\x83\x07\x0f\x1e<x\xa9z\xd3\x00\xc0\xb8i\x9f\xf3\x1c\
\x00\xf3\xc7\xc1\x01\x80&\x9bL&{\x02\x9b\x03\x0f\x1e\
<x\xf0\xe0%\xe9\xe9\xed\x0c\xf3\x8e\xbd\xf6\xab\x00,\
[P\x00('\xac\x04\x001\xcd\x81\x07\x0f\x1e<x\
\xf0R\xf5\xb2,;\xcb\xbcco=\x0086o\x00\
\xa8NZ\x04\x00Q\xcd\x81\x07\x0f\x1e<x\xf0R\xf5\
\xcc\x00\xa0\xfc\x7f\xb4w\x13\x00\xcc\xd4Q\x9c\x03\x10U\
\x8c\xf4f\xc3\x83\x07\x0f\x1e<xR\xbcj\x00Pa\
\x1f\xd9\xc7\x07\x00\xc7g\x0eyl1\xd2\x9b\x0d\x0f\x1e\
<x\xf0\xe0I\xf1\xca\x00\xa0\xc2O\xd8\xdf0=\xd7\
f\x0d\x00\x0d'\x1c\xe4\xb1\xc5Ho6<x\xf0\xe0\
\xc1\x83'\xc5\xa3\x00\xa0x\x97\xebo\x98\x9ek\xbeZ\
\x00\xf0\x9cm\x98\xc7\x16#\xbd\xd9\xf0\xe0\xc1\x83\x07\x0f\
\x9e\x14O\x05~\x1d\xb02\x02@\xd5s\xcd9\x17\x00\
\x02.5\xc8c\x8b\x91\xdelx\xf0\xe0\xc1\x83\x07O\
\x90\xc7\x0e\x00\xa6\xe7\x9aw\x16\x00\x02\xaf3\xcc;(\
\x86\xbd\xc1\x83\x07\x0f\x1e<x\x07\xd4c\x05\x00\xfa\x8e\
\x1f\xd3s\xcd=\x0d\x00\x8c\x9b\x0c\xe4\x1d\x14\xc3\xda\xe0\
\xc1\x83\x07\x0f\x1e\xbc\x03\xec\xb1\x02\x00}\xcb\xaf\xe9Y\
'\xa7\xa4\xc0\xbc\xc3P.\xb09\xf0\xe0\xc1\x83\x07\x0f\
^\xaa^p\x00\xa0\xf5{{{k\xd3\xbb\x7f\xf4C\
J\x0a\xcc;\x0c\xe5\x02\x9b\x03\x0f\x1e<x\xf0\xe0\xa5\
\xea\x05\x05\x80r\x0d\xaf\x04\x00\xf7\xe2O\xbf\xa4\x7f\xc8\
\xbc\xc3P.\xb09\xf0\xe0\xc1\x83\x07\x0f^\xaa\x9e7\
\x00T\xd7\xf1\x22\x004/\xfe4i5\x00\xf8&P\
\x8e\x00 \xa09\xf0\xe0\xc1\x83\x07\x0f^\xaa^c\x00\
0\xdf\xc5/\xce\x01\xf0O^\x06\x80&\x5c5\x04\x00\
!\xcd\x81\x07\x0f\x1e<x\xf0R\xf5\x9c\x01\xc0v\x0e\
\x1f\x9d\xdb\x1749%\x05\x17\xec\x18\xb9\xc0\xe6\xc0\x83\
\x07\x0f\x1e<x\xa9z\xd6\x00\xd0p\x02\xbf5\x00\xd4\
&/\x92\x02;\x00\x08k\x0e<x\xf0\xe0\xc1\x83\x97\
\xaaW\x0b\x00\x9e\xab\xf7\xac\x01\xc069;\x00\x08l\
\x0e<x\xf0\xe0\xc1\x83\x97\xaa7\x17\x00\x02.\xddo\
\x0c\x00\xd5\xc9\xdb\x04\x00i\xcd\x81\x07\x0f\x1e<x\xf0\
R\xf5f\x01 \xf0\xbe=\xce\x00`N\xce\x0a\x00Y\
\x96\x9d\x16\xd8\x1cx\xf0\xe0\xc1\x83\x07/Uo\x1a\x00\
\x187\xeds\x9e\x03`\xfe88\x00\xd0d\x93\xc9d\
O`s\xe0\xc1\x83\x07\x0f\x1e\xbc$=\xbd\x9da\xde\
\xb1\xd7~\x15\x80e\x0b\x0a\x00\xe5\x84\x95\x00 \xa69\
\xf0\xe0\xc1\x83\x07\x0f^\xaa^\x96eg\x99w\xec\xad\
\x07\x00\xc7\xe6\x0d\x00\xd5I\x8b\x00 \xaa9\xf0\xe0\xc1\
\x83\x07\x0f^\xaa\x9e\x19\x00\x94\xff\x8f\xf6n\x02\x80\x99\
:\x8as\x00\xa2\x8a\x91\xdelx\xf0\xe0\xc1\x83\x07O\
\x8aW\x0d\x00*\xec#\xfb\xf8\x00\xe0\xf8\xcc!\x8f-\
Fz\xb3\xe1\xc1\x83\x07\x0f\x1e<)^\x19\x00T\xf8\
\x09\xfb\x1b\xa6\xe7\xda\xac\x01\xa0\xe1\x84\x83<\xb6\x18\xe9\
\xcd\x86\x07\x0f\x1e<x\xf0\xa4x\x14\x00\x14\xefr\xfd\
\x0d\xd3s\xcdW\x0b\x00\x9e\xb3\x0d\xf3\xd8b\xa47\x1b\
\x1e<x\xf0\xe0\xc1\x93\xe2\xa9\xc0\xaf\x03VF\x00\xa8\
z\xae9\xe7\x02@\xc0\xa5\x06yl1\xd2\x9b\x0d\x0f\
\x1e<x\xf0\xe0\x09\xf2\xd8\x01\xc0\xf4\x5c\xf3\xce\x02@\
\xe0u\x86y\x07\xc5\xb07x\xf0\xe0\xc1\x83\x07\xef\x80\
z\xac\x00@\xdf\xf1cz\xae\xb9\xa7\x01\x80q\x93\x81\
\xbc\x83bX\x1b<x\xf0\xe0\xc1\x83w\x80=V\x00\
\xa0o\xf95=\xeb\xe4\x94\x14\x98w\x18\xca\x056\x07\
\x1e<x\xf0\xe0\xc1K\xd5\x0b\x0e\x00\xb4~ooo\
mz\xf7\x8f~HI\x81y\x87\xa1\x5c`s\xe0\xc1\
\x83\x07\x0f\x1e\xbcT\xbd\xa0\x00P\xae\xe1\x95\x00\xe0^\
\xfc\xe9\x97\xf4\x0f\x99w\x18\xca\x056\x07\x1e<x\xf0\
\xe0\xc1K\xd5\xf3\x06\x80\xea:^\x04\x80\xe6\xc5\x9f&\
\xad\x06\x00\xdf\x04\xca\x11\x00\x044\x07\x1e<x\xf0\xe0\
\xc1K\xd5k\x0c\x00\xe6\xbb\xf8\xc59\x00\xfe\xc9\xcb\x00\
\xd0\x84\xab\x86\x00 \xa49\xf0\xe0\xc1\x83\x07\x0f^\xaa\
\x9e3\x00\xd8\xce\xe1\xa3s\xfb\x82&\xa7\xa4\xe0\x82\x1d\
#\x17\xd8\x1cx\xf0\xe0\xc1\x83\x07/U\xcf\x1a\x00\x1a\
N\xe0\xb7\x06\x80\xda\xe4ER`\x07\x00a\xcd\x81\x07\
\x0f\x1e<x\xf0R\xf5j\x01\xc0s\xf5\x9e5\x00\xd8\
&g\x07\x00\x81\xcd\x81\x07\x0f\x1e<x\xf0R\xf5\xe6\
\x02@\xc0\xa5\xfb\x8d\x01\xa0:y\x9b\x00 \xad9\xf0\
\xe0\xc1\x83\x07\x0f^\xaa\xde,\x00\x04\xde\xb7\xc7\x19\x00\
\xcc\xc9Y\x01 \xcb\xb2\xd3\x02\x9b\x03\x0f\x1e<x\xf0\
\xe0\xa5\xeaM\x03\x00\xe3\xa6}\xces\x00\xcc\x1f\x07\x07\
\x00\x9al2\x99\xec\x09l\x0e<x\xf0\xe0\xc1\x83\x97\
\xa4\xa7\xb73\xcc;\xf6\xda\xaf\x02\xb0lA\x01\xa0\x9c\
\xb0\x12\x00\xc44\x07\x1e<x\xf0\xe0\xc1K\xd5\xcb\xb2\
\xec,\xf3\x8e\xbd\xf5\x00\xe0\xd8\xbc\x01\xa0:i\x11\x00\
D5\x07\x1e<x\xf0\xe0\xc1K\xd53\x03\x80\xf2\xff\
\xd1\xdeM\x000SGq\x0e@T1\xd2\x9b\x0d\x0f\
\x1e<x\xf0\xe0I\xf1\xaa\x01@\x85}d\x1f\x1f\x00\
\x1c\x9f9\xe4\xb1\xc5Ho6<x\xf0\xe0\xc1\x83'\
\xc5+\x03\x80\x0a?a\x7f\xc3\xf4\x5c\x9b5\x004\x9c\
p\x90\xc7\x16#\xbd\xd9\xf0\xe0\xc1\x83\x07\x0f\x9e\x14\x8f\
\x02\x80\xe2]\xae\xbfaz\xae\xf9j\x01\xc0s\xb6a\
\x1e[\x8c\xf4f\xc3\x83\x07\x0f\x1e<xR<\x15\xf8\
u\xc0\xca\x08\x00U\xcf5\xe7\x5c\x00\x08\xb8\xd4 \x8f\
-Fz\xb3\xe1\xc1\x83\x07\x0f\x1e<A\x1e;\x00\x98\
\x9ek\xdeY\x00\x08\xbc\xce0\xef\xa0\x18\xf6\x06\x0f\x1e\
<x\xf0\xe0\x1dP\x8f\x15\x00\xe8;~L\xcf5\xf7\
4\x000n2\x90wP\x0ck\x83\x07\x0f\x1e<x\
\xf0\x0e\xb0\xc7\x0a\x00\xf4-\xbf\xa6g\x9d\x9c\x92\x02\xf3\
\x0eC\xb9\xc0\xe6\xc0\x83\x07\x0f\x1e<x\xa9z\xc1\x01\
\x80\xd6\xef\xed\xed\xadM\xef\xfe\xd1\x0f))0\xef0\
\x94\x0bl\x0e<x\xf0\xe0\xc1\x83\x97\xaa\x17\x14\x00\xca\
5\xbc\x12\x00\xdc\x8b?\xfd\x92\xfe!\xf3\x0eC\xa7\x05\
6\x07\x1e<x\xf0\xe0\xc1K\xd5;\xab\x02\x17\xffJ\
\x00h^\xfci\xd2j\x00\xf0MP\x8c\xe7\x08l\x0e\
<x\xf0\xe0\xc1\x83\x97\xaa\xf7\x0a\x15\xb8\xf8\xd3(\xce\
\x01\xf0O^\x06\x80&\xdc\x18/\x12\xd8\x1cx\xf0\xe0\
\xc1\x83\x07/U\xef\xf5*p\xf1\xa7A\xe7\xf6\x05M\
NI\xc1\x05;\xc6\x1b\x046\x07\x1e<x\xf0\xe0\xc1\
K\xd5\xfb\xb0\x0a\x5c\xfc\x8b\xdfY\x03@m\xf2\x22)\
p\x02\xc0\xc7\x056\x07\x1e<x\xf0\xe0\xc1K\xd1[\
\xd7\xe3\xcb*|\xf1w\x06\x00\xdb\xe4\xdc\x00@\x13]\
$\xa89\xf0\xe0\xc1\x83\x07\x0f^\xaa\xde\x8e\xe2-\xfe\
\xde\x00P\x9d\x9c\x1d\x00&\x93\xc9)A\xcd\x81\x07\x0f\
\x1e<x\xf0R\xf5\xe8\xca;\xce\xe2\xdf\x18\x00\xcc\xc9\
Y\x01\x80&\xcb\xb2\xec\xf7\x055\x07\x1e<x\xf0\xe0\
\xc1K\xd5\xfb_\x8a\xb7\xf87\x9e\x03`\xfe88\x00\
T&\xbd\xe3\xd8\xb1s.\x10\xd2\x1cx\xf0\xe0\xc1\x83\
\x07/E\xefJ\xc5_\xfc\x9d\x01\xc06AP\x000\
'\xce\xb2\xec\xb4\x80\xe6\xc0\x83\x07\x0f\x1e<x\xa9z\
/V\xfc\xc5\xdf\x1e\x00\x1c\x9b7\x008&\xff\x8c\x1e\
\xe7p\xab\x11\xdelx\xf0\xe0\xc1\x83\x07O\x82wO\
=\xeel\xb1\xf8\xb3\x02\xc0Z\x13\xe4\x99\xbcvW\xc0\
\xa6Mx\xb3\xe1\xc1\x83\x07\x0f\x1e<\x11\x9e\xde~\xaf\
\xe5\xe2Oc\x8d3\xd1\xed6$`\xf2;\xf5x@\
\xc8\x04\xd2\x9b\x0d\x0f\x1e<x\xf0\xe0I\xf0\xf4\xf6\x88\
\x88\xc5\xff6\xdb\xfe5m\x9f4\x11\xc6\xe4\xef\xd3\xe3\
h\x13.\xbd\xd9\xf0\xe0\xc1\x83\x07\x0f\x9e\x04/\xcb\xb2\
\x0b\xf4z\xfb7-\x17\x7f\x1a\xb7\xd8\xf6\xafi\xce7\
\xabv\x8b\x7f9\xae\xa7\xfd\xb6\xc1\xd2\x9b\x0d\x0f\x1e<\
x\xf0\xe0I\xf0VWW\x0e\xe9\xf5\xf6\xad\x11\x8b?\
\x8d7\xd9\xf6\xafi\xde\x17\xa8\xf6\x8b\x7f9~\xa5\xef\
\xe6\xc0\x83\x07\x0f\x1e<x)z\xc7\x8e\x9d3\xd1\x7f\
\xfd\xbf*r\xf1\xa7\xf1\xeb\xb6\xfdk\x9a\xfb\xb1*n\
\xf1/\xc7\xaf\xaa\xe2\x9d\x00\xe9\xcd\x86\x07\x0f\x1e<x\
\xf0$xkz\xd3\x8b\xff\xcb:X\xfci<\xc6\xb6\
\x7f\xce\xc9\xb3l\xe9\xc2\x0e\x16\xffr\xbcr2\x99\x1c\
\x93\xdclx\xf0\xe0\xc1\x83\x07O\x82W|\xe6\x1f\xfb\
\xb6\x7f9\xee\xd2\xdeI\xdb\xfe5\x16\xa3\xff\xa3\xb7w\
0y\xf91\xc2\x87VWW\xbfEb\xb3\xe1\xc1\x83\
\x07\x0f\x1e<\x09\x9e\xda?\xdb?\xe6\x84?s\xbc%\
x\xff\xaa\xc5,/O\x9e\xd8\xd1\xe2_\x8e\xaf\xe8P\
\xf1\xa2\x8d\x8d\xa3\x17Ji6<x\xf0\xe0\xc1\x83'\
\xc0\xa3\x9b\xfc\xc4\x5c\xe7o\x1d\x93\xc9\xe4G\x83\xf6\xcf\
,f{{kSO\xfe\xe9\x98\xc9\x1d\xc5\xdc\xaa\xf6\
O\x10\xbc\x17\xa7;\xc2\x0f\x1e<x\xf0\xe0\xc1\x83\xc7\
\xa5\xe8\xde\xfet{\xdf\xb6w\xf8kZ\x7f?u\xde\
y\xdb'\xbc\xfb\xe7*F\xff\xea\xe7\x22&\x0f)\xe6\
&=\x9e\xa9\xc7\xd5z8\xafK\x14|\xf0\xe0\xc1\x83\
\x07\x0f\x1e\xbcPo]\x8f\x1d\xb5\xff\x95\xbe\xefV\xbc\
\xf5\x92\xb5\xfe\xea\xbf\xfe\x7f\xde\xbb\x7f\x9eb\xe8\xfe\xc1\
7\xb7\x99\xbcE1w\xe8\xf1\x01=^\xa7\xc7\x0dz\
\xbcH\xed_\x8e\xf8\x82,\xcb^h\x8e\xf2wm\x06\
<x\xf0\xe0\xc1\x83\xb7\x00\xef\x8c\x1e/\xd3\xe3\xbf\xea\
\xf1a=\xbe\xac\xbaY/}\xeb\xefG+\x7f\xfd\xb7\
Z\xfc\xcb\xed\x91-&\xef\xba\x18x\xf0\xe0\xc1\x83\x07\
\x0f^\x80\xb7\xb2\xb2\xfc=\xdew&\x18oc\xbc8\
\xa5\xe6\xc0\x83\x07\x0f\x1e<x)zY\x96]\x17\xf4\
\xb1\x04\xe33\x0c\xba\xb7\xff{Rh\x0e<x\xf0\xe0\
\xc1\x83\x97\xa2\x97eK\xef>\xff\xfc\xf3\x8e\x07\x9d\x93\
\xc0<\x81\xe1\x02=\xfer\xcc\xcd\x81\x07\x0f\x1e<x\
\xf0\x12\xf5n>z\xf4\xc8=\x83OHlq6\xe4\
\xd7\xe9\xf1\xd1\x916\x07\x1e<x\xf0\xe0\xc1K\xd1\xfb\
\xe8\xa1C\x87\xee\xcbZ\xcf[^\x0a\xf15\xaa\xf88\
`D\xcd\x81\x07\x0f\x1e<x\xf0\x92\xf3\xb2l\xe9=\
G\x8f\x1e\xbd\x84\xbd\x9e\xb7\xbd\x0e\x92\xbe\xa20\xcb\xb2\
\xdf\x1cCs\xe0\xc1\x83\x07\x0f\x1e\xbc\x14=\xbd\x0e\xff\
v\xf0g\xfe]l\xd5K\x07\x97\x97\x97\x1f\xadw\xe2\
f\xa9\xcd\x81\x07&\x19t\x86\x00\x00\x00\xecIDA\
T\x0f\x1e<x\xf0\x12\xf4>\x1at\xa9_\x97\x9b\xed\
\xbe\x01[[\x9b'\xd4\xfe\x1d\x03[\xdd6x$\xcd\
\x86\x07\x0f\x1e<x\xf0\x86\xf6>Ew\xf8\xf3\xde\xe4\
\xa7\xeb-\xe0\xa6At\xd7\xc0'\xe8\xf1VF1\xd2\
\x9b\x0d\x0f\x1e<x\xf0\xe0\x0d\xe9\xdd\xa5\xc7[\xe8\x8b\
}\x82\xee\xed\x1f\xb0\xb1\xcf\x15`\xde\xfb\xf8\xa4\x1e\xdf\
\xa7\xf6o\x85\xf8&=>\xa1\xc7\xedj\x1c\xcd\x86\x07\
\x0f\x1e<x\xf0\x86\xf0h\x9d\xbcE\x8f?V\xfb\xeb\
\xe7\xf7fYv~\x1f\xdfe\xc0\xfa\xc7\x1dM\xbe\xa6\
S\xcc\xf1\xe3\xc7\xcf\xdd>q\xe2\xf8l\xd0\xff\xa6\x9f\
\xeb\xdf\xb3\x07<x\xf0\xe0\xc1\x83\x97\x80\xb7\xa6\x8c\xad\
\xcf/2b\xfd\xe3\xae'\x87\x07\x0f\x1e<x\xf0\xe0\
\x0d\xe3\x0d:9<x\xf0\xe0\xc1\x83\x07o\x18/\xa9\
b\xe0\xc1\x83\x07\x0f\x1e<xa^R\xc5\xc0\x83\x07\
\x0f\x1e<x\xf0\xc2\xbc\xff\x0b\x83t/\xed\xa6\xce\x04\
X\x00\x00\x00\x00IEND\xaeB`\x82\
\x00\x00\x02k\
\x89\
PNG\x0d\x0a\x1a\x0a\x00\x00\x00\x0dIHDR\x00\
\x00\x00\x10\x00\x00\x00\x10\x08\x06\x00\x00\x00\x1f\xf3\xffa\
\x00\x00\x022IDATx\xda\xc5\x93MHTq\
\x14\xc5\xcf\xfd\xbf\xff{OG3k\xc8iR\xf1\xa3\
4\x87\x89\xacEHA(!\x85A\x88D=D\x98\
F\x86\x82\xb4E\xd1\xcaE\x88h\x0bWA+3E\
\xc3\x92\xcc\xbe\x8cH2\x8aB\x0cl\xe3\xa6\xa4\xa0\x0f\
\xb3lbT\xc6t\xbe\xde\x9b7\xef\xdfB\x1c\x0a\xc4\
\xdayv\x17\x0e\xbf\x0b\xe7\xde\x03\xac\xbbj\xea\xce;\
5\xad\xb1x-\xcf|\x99\xa7*Xv\xca\x0b\x00\xe2\
\xed\x09%\xfc\xc4wai\xc8\xe7\x00\x00\xa6\x08s\x08\
\x9c\x8d\xac\x0da\xb5\x22\x8e\xd3\x91W\xde\xdc\xe8\xf7\x8c\
\xdb lL\x97m\x0b\x00\xc0\x05Q'cR\xe9\x96\
\xac\xcd?W\xec\xe2\xa9#\x0dj\xe48(\xf1\x8c\xca\
#\xfe/\xe3\x8a\xaf\xb8\xdb\xaaf\xd1D\xaf\x8a\xd0\x15\
\xaa\x1ax\x9cD\xc7\x0d\xdd\xef\xdc\x9au\xc8\xe5\xda~\
6\xb9P\x09\x15@\xa6\x1e\x80\x1d\x00\x00\xd7\x88\xd5\xa8\
\xe6&<\xc3\xa6\xfb\x12\x85n|\x04\x04%\x01\xaa\xa2\
\xa6\xce\xcc\xf8\xef54x\xda\x93\x80\x8a\xf0;X\x8b\
E\x88\xed\x1f\x0d\x0f\xfb\xba\xc9\x12;\x95\xf4\x90V\xaf\
{+\xb2iv\xc2y\xeb\x87}\xc5\xcau#n\xe4\
\xe4l\xab\xe8\xb8~S\xebh\x1f\x7f\xa1\xa6(\xb5D\
\xe9\x9d\xe2\xf9\x82\x1c\xb5B}\x90\x13\xf7m\x95\xbd\xd7\
\x00 \xef\xc1\xd5~S`\xc2/\x8f\x05\x93\x00.I\
\x92\x1e\xd3\xbf\x09\xc6\xdfK\x82\xef2\x0c\xa9\xf5nK\
 ?!bn@j3\x9b\xea&\x83Zy\xfe\xa6\
\x81\xfa\xa9\xaf5\xce)\x00S\x7f\xc5\xcb\x18\x91a\xc4\
\x17\xe7\x7f\xc9\x81\xd6\xa3\xe6\xeb\xbe\xa6\xe0\xa3#\xfb\xf4\
\xbcX\x5c\xf6\xda\xaa\xbaF\xad\xa2\xe9\x1eH\xd6\x90h\
nf\xab\xdd\x87\x1bq\xd3\xb4;2Jwd\xce\x9e\
\xa9<\x16v1N\x93\xd2\xdc\xd2e:9\x98\x00\x00\
\x12V\x9b J\xa3\x96\x16ku\x00\x14\xc9\xc9g\x02\
Z\xde\xa7\xbdQC\xea\xb7\x1d\xee\xba\xb3|\xcb\xe5\xa4\
3\x89\xde\xfc9\xafH\xf3\x5c,\x12\xa6^@\xd5\xda\
\xb9\x83\x85v\x0c\x82\xc4\xf4\xe79\xf6!E\x12*\x88\
\xfe\xf9\xc1\x04\xca\x16\x10n\xbe\xa7\xc4>\xf6\xf0\xe5B\
\x09\xdf \xf1\xc2\xd4\x18\xb7\xac\xff\xab\x00S\xb8\x9b\x88\
v\xaf\x7f\x19\x7f\x03\xa9v\xd7yj\x0cVi\x00\x00\
\x00\x00IEND\xaeB`\x82\
\x00\x00\x01$\
\x89\
PNG\x0d\x0a\x1a\x0a\x00\x00\x00\x0dIHDR\x00\
\x00\x00\x10\x00\x00\x00\x10\x08\x06\x00\x00\x00\x1f\xf3\xffa\
\x00\x00\x00\xebIDATx\xda\xad\xd2\xbf.DA\
\x18\x05\xf0\xdf\xbdv\x13:\x05\xb1\x11\x89\x06\x9d(\xbc\
\x82'\xf1(\x0a/\xe2\x11$^A\x14\x9bP\x88J\
\x83\x84F\xa1Ya\xdd\xbb\x9ao\x93q\xcd\xb8\x12\xbe\
\xe4d\xbe\xcc\x9f3\xe7\x9c\x19\xfeXU\xd2\x0f\xb0\x17\
c\x95\xd9{\x83\x97\xeed\x9d\xf4#\x1c`-\x08R\
\xec\xe2\x18+]\x82\x85\xa4_\xc6\x22\xc6\xb8\xc6C\x82\
\x0a\x8f\xd8\xc7=&9\x05s\xc2a\xc1\xeaV\xd8;\
\xc2R\xea\xbb\x94IZ\x97x\x8a\xbe\xc1*\xeer\x04\
\xa5\xfa\x08+\xf0\x5c\x0a\x11f\x81:\xac\xcc\xd7\x87\xc9\
e_\xce\xe4\x144\xd8\xc4!.\xb0\x8e\xf7\x98?\xe9\
n\xcee0\x08\xb9W\x91\xf6\x08g%o\xa5\x0c\xa6\
8\x0d\xc2s\xb4\xa1\xa0\x97`\x96\x8co\xbfI\xb7\xce\
\xf8\x9f\xf6\x9ciJ\x0aZl\xc7\x93m\xfc@\xb0\x13\
\xbf\xf5\xdbW\x9e\x04^{\x14\xdc\x06Z\xffQ\x9f\xa7\
m/\xabx\x18\x8c\x5c\x00\x00\x00\x00IEND\xae\
B`\x82\
\x00\x00\x020\
\x89\
PNG\x0d\x0a\x1a\x0a\x00\x00\x00\x0dIHDR\x00\
\x00\x00\x10\x00\x00\x00\x10\x08\x06\x00\x00\x00\x1f\xf3\xffa\
\x00\x00\x01\xf7IDATx\xda\xc5\x93\xcbK\x94a\
\x14\x87\x9f\xf3~3\xdf\xcc\xd8 6\x83\x84H\x17d\
\x08\x03\x0dJ\x11\xba@NF\x97]\xc8\xd0\x22!\x0a\
\xa2M\xb4\x08\x22\xa2M\x97EP\xfd\x03\xd9\xa6\xda\xb4\
\x18\xcbe$\x95\x8dBH%f\x22D\x14X\x0bq\
\xa3T\x8cS\xf6]\xde\xd3\xa2\xc4\xbe\x1c\xc1]gy\
\xf8\x9d\x87s\xf9\x1d\xf8\xdf!\xcb2\xc5R+\x86\x13\
\xc4\xe2\xb5x\xde[\xa8\xef\xe5H\x8b\xc7\xc3\xa1\xed(\
[A_P\xe8\xfc\xb0(7\x91\xe2\xbe\xc1.\xe2\xf1\
g(\x9b\xb1\xfe\x00\xc6l\xc3\x99\xbbF\xb1\xe8`\xe5\
\x22n\xe2\x0eH\xd3\xdf%K\x80\xfe'Y0\xb7\x08\
\x03\xc5\xd3\xe3tw\xf6\x91\xb5\xa7\xb0\x9a\xc5i\xd8\x8b\
h\x0b\xde\xcfox\xeexu@\xe0\x1e\xa4&\x9dC\
u\x90\x9e\xfc,\x00\xf9|\x80\xc3mB{\x16\x91\x8d\
\xa8\x8e\xf3~a\xae:\xc0h\x1b\xae\x0b0\x15\x19k\
Cz\x14C\x1d5\xe9$\xc6\xbc\xe2J>\xa8\x0e\xc0\
dP\x0b0\x1f\x01\xb4\xb7\xfb\xc0;\xc2\x00\xc2p\xec\
\xdf\x9d/\x01\xd4\xea\xef\xbb\xa8F\x14\xaa\x06X\xcf\xc2\
\x0f\x8fX\xfc\xf5\xca\x00a\x161\xa0fMDq\xbf\
\x94\x01mCu\x8c`\xd7\xa7\x95\x01\x967x\x1e\x88\
n\x8a(\x12\xd2\x81\x9b\xc8\x80\x84\x97\xb8\xec\xe8H\xe2\
\xfa\xf0\xf3\x8e\xc3\x8b\x16Z\x02\xc4R\x03|\x9f\x9f\x02\
\xd9G\xff\xcb\xec\x9f\xfe\x05\x95\xd3\xf8\xde4\x9a\xfa\x18\
\xd6\xce\xdc\xb4~pn\x8b\xf9|~\xb2Xp\x97;\
\xf1\xc1\xd0\x01\x1c\xe7.a8\x8a\xc8=T\xf7#\xa6\
\x1b\x95c\xad\xceL\xb9w\xed\x8d\xe1\xf2\xc84\xad\xcd\
\x95\xa0a]\xb9Gv\xdab\xd4\x89\x85=\x03\x84~\
\x1e\xab\x93\x18\x0e!\xe6\x0b>]\x14v?\x9a\xa8?\
\xda\xbc#9\xae_+\x09\x0c\x12\x03sA\x1f\x93\x91\
\xd5<\x8c>\xa5\x91\x84[\x22Fnl\xa2\x8e\xa6\xc6\
\x0auY\x1f\x02\xb9jV\xf5rI\xf7$)\xc9a\
\x85T\xd2\x22\x8e\x80\x0a8\x9c\xf9\x05\xb4\xdd\xb4\xd8\xcd\
\xa8*`\x00\x00\x00\x00IEND\xaeB`\x82\
\x00\x00\x01d\
\x89\
PNG\x0d\x0a\x1a\x0a\x00\x00\x00\x0dIHDR\x00\
\x00\x00\x10\x00\x00\x00\x10\x08\x06\x00\x00\x00\x1f\xf3\xffa\
\x00\x00\x01+IDATx\xda\x8d\xd3\xbb.Da\
\x14\x05\xe0o\x0c\x19\x97\x02\xd1\x98)D\xdczA\x94\
TSId\x9eA\xa3\x90x\x02\x14\x9e\xc0\x13\xe8\x84\
JtZ\xbd\x82\x90\x88\x82H$2\x95D\x0c\x09\xc6\
\xa5\xd9\xe4w\xcc`%\x7fr\xb2\xd6:\xeb\xec\xbd\xff\
}\xf8\x8e\x05\xcc`\x11;~b\x00s)\xd1\x9a<\
\x0f\xc7\x8b\x8f\xb8E;\x8a\xe8\xc3(v\xb1\x86)\x9c\
\xe1\x02rI\xc0:\x8e0\x1b_\x1f\xc4\x18F\x22\xe4\
\x1e\xc78\xc1\x04V\xd2Jr\xd8B)\xe1zq\x8d\
%ta\x15\x9d\xe8\x0fo.\xdb\xca6z2=O\
\xa2\x90\xe1z\xc2\xdb\x0a-A\xd6\xe3d\x03\x0e\xf1\xd4\
 \xe0\xd3\xff\x15\x00\xa7(\xfb\x1b\xe5\xf0\xfe@\x09\xfb\
1\xf9f(\x86\xa7\xd4\xccP\xc1&\xda\x1ahm\xa1\
UR\xb2%c\xda\x8d\xa1\x0d4Y\xa2Bx\x1a.\
\xd2'nb\x17:\x92\xabz\xc7th\xb2\xf7\x9f\xc5\
\x10\xf6p\x80\xb7\xa4\xd2\x19\xcc\xe3\xf2\xaf\x0a\xaa\xb8\xc3\
3^\x83\xcb\x07W\xcd\x9a\x1b\x05\xe4\xf1\x82\xf3D\xaf\
c<4\xbf\x0d\x11j\xb8\x8a\x15.\xc6Y\x0a\xae\xf6\
\x9f\x19@76\xe2\x1f\x80\x07,G\x1b\xdf\xf0\x01\x9f\
\xfb8d+\xdb\x95\x9c\x00\x00\x00\x00IEND\xae\
B`\x82\
\x00\x00\x02'\
\x89\
PNG\x0d\x0a\x1a\x0a\x00\x00\x00\x0dIHDR\x00\
\x00\x00\x10\x00\x00\x00\x10\x08\x04\x00\x00\x00\xb5\xfa7\xea\
\x00\x00\x00 cHRM\x00\x00z&\x00\x00\x80\x84\
\x00\x00\xfa\x00\x00\x00\x80\xe8\x00\x00u0\x00\x00\xea`\
\x00\x00:\x98\x00\x00\x17p\x9c\xbaQ<\x00\x00\x00\x02\
bKGD\x00\xff\x87\x8f\xcc\xbf\x00\x00\x00\x09pH\
Ys\x00\x00\x0e\xc3\x00\x00\x0e\xc3\x01\xc7o\xa8d\x00\
\x00\x00\x07tIME\x07\xe8\x04\x11\x0e20\xea\xd1\
\xec\xa2\x00\x00\x00\xd1IDAT(\xcf\x85\xcf=J\
\x03a\x14\x85\xe1\xe7\x1b\xc6`i\x86\x80\xa2\xd8\x88\xee\
\xc0\xd6\xce\xca\x22EZS\xb8\x00\x17\x90\x90-X\x8a\
\xb5\xc2\xb8\x03q\x15\xe2\x0aB$\x85\xa9\x86\x81T\xc6\
\x80\x8e\x8d\xce\x0fA\xe6T\x97\xcb\xb9\xef97\xd81\
t\x22\xc8\xa4\x86z\xc8<\xba\xf4\xea\x09\xb8\xf6\xa1P\
\x9893+\xa77\xef\xfa\x109\xb6mS\x85}w\
\xfa\xc4\xfe\xd7\x81[_\x95a\xcb\xca\x8d\x04\xb9\x95\x0e\
8t\x1e\x95\x86=#]\x85B\xd7\xc8\xee\xef6T\
\x84\xd8\xc0`3'\xd2\xa2V\xc3_\xc4\x8bg\xeb\xda\
\xbe\xe3\xc2iE\xc8\x8d\xcdk\xb4\xc8\xdcX^\x11\x96\
>M\x1c\xd5\x083W\x96\x92z\x87\xd0\x88\x0e\x15\xac\
\xf5\x8bi\xa3\x5cSk\xd3X*H,\xdc\xeb\xf9.\
\xcf2\x0b\x0fr\xe9\x0f\xce\x813\xb4]\x11\xef!\x00\
\x00\x00%tEXtdate:crea\
te\x002024-04-17T14\
:50:48+00:00XN\xac\x19\
\x00\x00\x00%tEXtdate:mod\
ify\x002024-04-17T1\
4:50:48+00:00)\x13\x14\
\xa5\x00\x00\x00(tEXtdate:ti\
mestamp\x002024-04-\
17T14:50:48+00:0\
0~\x065z\x00\x00\x00\x19tEXtSof\
tware\x00www.inksca\
pe.org\x9b\xee<\x1a\x00\x00\x00\x00IE\
ND\xaeB`\x82\
\x00\x00\x02\xb1\
\x89\
PNG\x0d\x0a\x1a\x0a\x00\x00\x00\x0dIHDR\x00\
\x00\x00\x10\x00\x00\x00\x10\x08\x06\x00\x00\x00\x1f\xf3\xffa\
\x00\x00\x02xIDATx\xda}\x93\xcbo\x8da\
\x10\xc6\x7f\xf3\xbe\xdfqzqN\xddB\xea\x92\x8a\xc4\
e!)\x0b\x1b\x0b\xa9\x08\xa9\xa4\x87\xa4\xa2\x16$6\
bU\xa2\xe2\x1a)\x89\x92\xa8\x85X\x10\x7f\x82\x05*\
i\xb0 i\xcb\x82\x04\xa1D\x84V\xab\xda\xeaQE\
\x91\xd6w.\xdf\xfb\x8eE\x89[u\x92If1\xcf\
33y\xe6\x11\xfe\x13\xda\x7f`%\x91?C\xd7[\
\x08s{\xa5\xea\xca\xdd\xf1\xfa\xcc\xf8\xe0\x83)\xe2\xe6\
<\x85z\x81(\xbc@\xdc\x9e\xd7\x1b5\xa9\x09\x09\xf4\
\xe1\xce\x22\xed\xddW\xa9z\xcc0\xe7QKc\xf7\xdc\
mr/U&oj\xe67\x0e\xcd\xde\xc6\xec\xdb-\
\xaa\x18\xbd\xb6\xb9R\x9b\xab\x8a~\xe2DU\x85\x81\xc3\
k\x09\xccq\xa2\xdc\x8b\xb6\xe1\xe2\xda\xd5oVWc\
9\x825\x8b\xe8\xef\x83L\xa6\x03\xec\xc9\xd6\xe9\xf7\x9b\
*\x12\xe9s\xd8\xd8\x12\x22w\x94\xf5Wn\x89\x0e\xed\
O\x901\x0f\xb0\x9c\x90\xf6\xaa\x1e\xaco\xc0\x9a\x0a\xbc\
\x87l\x16\x06\xfa\x7f\xecj\xc0\xfb6\x88\xd7k\xd9\xd5\
2\x9c\xd4\x93\xcf\xae0\xa4G\x02\x8c\xffR\xffd\xea\
c\x86\xd2M\x08\x15D\x11D\xd1\xafC\x9d\xfb\x99\x15\
t\xbfl\xaao\x0f\xda\x11\xbe0\xea\x82\x80\x82\xc0\xa1\
\x92\xf61\x89\xf3u\xd8\x92\x1d\x85d\x09$\x92 2\
69\x9f\x87\xf7\x8308\x08a\xd6\xfai6\x0e.\
\xcdT\xe7D\x15\xa1\xaf\xae\xa0\xe8z\xf9\xb4Ps\xcf\
\x103\x05\xef!^\x00\xc9$\xf4\xbc\x86\xbe^\x18\x1d\
\x1d#C?\x17\xdap\xe9\xb75\xe1'j.e\x82\
\x7ft\x11\x19\xcb\x5c\x16\xde\xa5\xa1\xbb\x0br\xb91\xb0\
\x08\xa8\xfe%c\xe7\xae\x04&v\xb1n\xe1\xe0,\xbc\
\xf1\x7f\x10\x8dW{\xf1u\x0b\xdc,&s\x91\x1b\x95\
\x09C&\xb2\x88\x94\x9a\xbcfQu\x041\xfe\x1b\xd6\
\x02\xea\x8c\xda,P\xca\xb0\xb5\x86\xd2\xc9\x11\x9e\x92\x86\
\xf2\xe1\xe58SM\x94o#\x16\xfb\xd1\xcc/\x09\xad\
\x05\xe7\xda\xc8\xdb\xea\x86e\x99e(%\x14\xdb\xc80\
\xe3\xf4\x08Fvcm\xadny\xb1\xa3uqo\x8a\
\x9c\xdb\x8e\xd3\x0e&\xc5!\x88\x81\xd7\x0er~{k\
\xf9\x87\x94n}\xbf\x03\xc3.\xc4\xeffc\xf3\x88\xfc\
\xfe\xca\xccL\xaeb^\xf1M\xe8*llY:\xff\
\xd0\xa3\x92Mtv\xca\xa9%\x03\x97\x0f\xd6}\xec\x81\
\x95!\xd7\x9f\xaf\xc3\x87wd\xc3\xb5o\x002\x81\x99\
\x8e#\xee,O\xbb\xc0\x07{\x08\xfd1I]j\xfe\
G\xb4\x09\xed\xec\xfc\x19^Ml\xe7\xefD\xf1\x1d\xa4\
\xcc\xaf\xd2S\x00\x00\x00\x00IEND\xaeB`\x82\
\
\x00\x00\x01=\
\x89\
PNG\x0d\x0a\x1a\x0a\x00\x00\x00\x0dIHDR\x00\
\x00\x00\x10\x00\x00\x00\x10\x08\x06\x00\x00\x00\x1f\xf3\xffa\
\x00\x00\x01\x04IDATx\xda\xed\x93=J\x03a\
\x10\x86\x9f\x99\x9dM\xd8\xf8S\xb8\x85\x85\x16b\xa3\xa5\
\x9d\xa4\xb0\xb3\x10/\x90[X{\x0d\xf1\x0e\xde@\xf0\
\x02\xa2\xd8X\x1a\xacS\x85\x80\x8a\xd1e\xddo\xbf\xb1\
X\x08l#\xc6m\x9dr~\x1e\xde\x99\x97\x81\x8e!\
\xc5\xddh\xc7T\xf7\xca2\x08@?\x11\xb7\xf8\xf1 \
G\xd7/\xbf\x01X\xac\xb8\xb2\xcc\x86\xf4\xacI\xa4\xca\
g\x91\xde\xcc\xee/F\xf9\xe1Y\xb1\xe8\x1c\x9f\xefG\
f\x97D\xcf<:\xa2\x82G\x9f\x19\xb1<x_?\
\xe5+?\x86X!\x80\xaa\x9cD\xcb\x1f\xa7oU\xd9\
\xe8T\xd6\xd2\xad\x8d\xcc\xa7\x9b\xb8\xb5\x15\xa4+\x83L\
|\x82\x16\xb7\xe0\xf5\xa20Ht\x17\x01\x10\xc4K\xd2\
0\xa6\x0e\x00u\x1b\xa0\x83\x8c^xF^\x9f~\xdc\
\xb5\x96\x14\x1ab\x1b\x80;\x90\xe0\x92\xfc\xc9\x05\xedj\
\xe3?\x00TU:\x0c\x0bV\xd7qn}[m\xec\
\x5c\xe6\x8b\x84P\x86\xb9Y\x22Cb\xdc\x0ea\xb9y\
3\xc7\x12\x99t=\x01\xdf\xe9nV\xc2\x15(@\xdd\
\x00\x00\x00\x00IEND\xaeB`\x82\
\x00\x00\x02o\
\x89\
PNG\x0d\x0a\x1a\x0a\x00\x00\x00\x0dIHDR\x00\
\x00\x00\x10\x00\x00\x00\x10\x08\x06\x00\x00\x00\x1f\xf3\xffa\
\x00\x00\x026IDATx\xdau\x93=O\x94Q\
\x14\x84g\xce\xddoL Z\x90\x106A\x94\x0a\xe8\
,\xc1\x8d\x89\xd2Z\x18\xac\xa41\xf8'L\x0c!\xf8\
\x1bl\xd0\x06:\x13+?Z\xb3BI\x07\xd8\xac\x06\
\x12\x88\xc1B`\x13\xddwyw\xef\x19\x0b\x16X\xbe\
Nws\xe7\xce\xc9<7C\x5c1\x87\xa3\x0f\xee\xb4\
\xcd'I\xdcu\x80\x19\xa1\x96F\xac\xf6\x7f\xaf\xfe\xb8\
\xa8e\xf7awt\xb2\x5c\x08\xe1\x15\xa5'F\xde\xb4\
\xce\xb5Cpi\x9f\xe4\x87F\x8c\x0b\x83\x9b+;\x97\
\x0c~\x8dU\xee\xe5\xc9\xf7\x05\xb3\xdb\x89;\x1c:\xb7\
\xc9@\x14\xcd\xd0t\xdf:\x92\x9e\x0elT\xd7N\x0d\
v\xc6+\x83Ep%g\x1cj\xba\xc3\xc0+\x0d\x1c\
B\xc1\x0c\xa9k;\x81&\xcb\xeb\xd5]\x03\x80\x9c4\
W4\x1bj\xbaC\x80\xa2\xbc\x9e\xe5Y\xba,\x89(\
\xaf\x0bP\xd3\x1dE\xb3\xa1\x824\x07\x00\xb67>1\
\x0c`:\xe9l6\xe0\xd0]S\xa9\xebc\xc9\x02J\
\x16\x90J_\x22\xf8\xd0\xc0?\x01\xc4qDL\xef\x8d\
O\x0cg\xa8P\xc9\x19{[\xd2\xc9\xb6>\x9a\xbd\xcc\
[n6\xf1t\x19\x00\xa5\xf0<\xcb\xf8&\x10\xb7\xda\
\x1d]\xce\xac7uV2\xa4F\x0c\x06t2\xb7$\
\x96Bx\xdc\xf0\xb4\xe4\x0a3\x00`\x8cKE\x0bS\
\x0d\x8f\xe7\x98\x90>bp\x5c3\xea\xfab\xd9\x95\x12\
\x07Ld\xad\x9bx\x96D\xe2\xf1sQ\x99g\x81q\
)0.+r\xa6\xe9\xfe\xa9\x1b\xacC\x10Y31\
VS\xf7\xfa1@\xa2-\x1d\xb4\x19\x17\x1a\x88\x8bE\
\x0bSE\x0b\x8f\x10\xf0\x0e\xc4\xeb\xb6tp\xa2K\xdd\
\xebb\xac\x12\x00~\x8f\xdd_\xbc\x112\xb3\xff<B\
\x80 \xd5sf}]`\xd1r?\x14\xd9K\x80=\
\x16\xf07\xb6\xdf\xf6o|{a\x00\x90\x92\xf3\x89\xfb\
v\xc1\x0c\x04\x18x\xf6\xb8\x03\x16F\xeb#\xc0\x82\x19\
\x12\xf7\xed\x94\x9c?\x86\x09\xa0\xbc^\xddM\xa5\xe9\x96\
k\xab\xc7\xc2uT\xd1c\x01-\xd7V*M\x97\xd7\
\xab\xbb\xa7\x06\x000\xb0Q]K<V\x12\xf9\x22\xa0\
\xfd,\x89<\x0dy\x1a\xb2$\x08\xed\x1f\xc9\x17\x13\x8f\
\x95\x93\x1e\x5cjcw\x9d\xdd4!j\x04\x00(\xd6\
\xcc\xb9\xda\xb7\xf9\xf5\xe7E\xed\x7f\x10Y'\xd5`\x0f\
\x9b\xb6\x00\x00\x00\x00IEND\xaeB`\x82\
\x00\x00\x01S\
\x89\
PNG\x0d\x0a\x1a\x0a\x00\x00\x00\x0dIHDR\x00\
\x00\x00\x10\x00\x00\x00\x10\x08\x06\x00\x00\x00\x1f\xf3\xffa\
\x00\x00\x01\x1aIDATx\xda\xa5\xd3;J\x83Q\
\x10\x05\xe0O\x88i\xec\x22\x8a\xe0\x02\x02\x09.\x22j\
!\xb6)\xecu\x056\x12\xb0\x14\x11l\xdcAH\x91\
%Xf\x01\x82b4&\x85]lR)X\xa6\xf1\
\xd1\x1c\x82\xc4\x04|\x0c\x1c\x98{\xfes\xee\xfd\xe7\xce\
\x5c\xe6G\x13\xafA\xd3\x0f\xa2\x84\x13\x94\xb1\x8d\x11v\
\x82Q\xb8r4\xa5i\xf3*:\xb8\x89\xf8\x0e\x0d,\
\x04\x8dp\xa3h:\xf1L\xe2\x14=\x14P\xc1b\xf8\
\x8d@\xb8j4\xf7\xf1L\xa2\x9c\xdd+Y\xef\xa1\x8b\
\xab\xa0\x1bN4\xa3x\x14B\xae\xe3\x19O\x11\x9e\xe3\
0'\xc2\x00\x17\xc9/\xf1\x12\xcf#\xb40\xc4Q6\
\x1c\xa0\x86\xe3\xd4\xdaI^\xcb\xb7B\xb4\xc3x\x8ds\
\xd3\xc5\xd4\xdb\xcfI-\x9c\x05\xadp\xfdh\x8a\xf1\x8c\
\x0b3\xda\xf9\x8e\x15\xaca7\x5c7\xb7\xfe6\xab\xff\
\xd3%\x5c\x07m,\x07\xed/\xfc\xb7\x12`3m\x5c\
B\x1d\x1f8\xc8\xaf\x16\xb1\x1f\xae\x1e\xcdC<s\xdb\
X\xc7m6\xed%\xaf\xcfj\xe3\xacA\xaa\xfee\x90\
\xfe=\xca\xd3\x8fi\xeb\xb7\x8f\xe9\xcf\xcf\xf9\x13\xc9\xff\
Z\x08:\xd9\xf8\xc2\x00\x00\x00\x00IEND\xaeB\
`\x82\
\x00\x00\x01\x8e\
\x89\
PNG\x0d\x0a\x1a\x0a\x00\x00\x00\x0dIHDR\x00\
\x00\x00\x10\x00\x00\x00\x10\x08\x06\x00\x00\x00\x1f\xf3\xffa\
\x00\x00\x01UIDATx\xda\x9d\xd3?hTA\
\x10\x06\xf0\x9f\xa7 z((DP\x08\x12\x0d\xb6V\
Z\x18\x1b\x8b\xc3\x10lR\xd9\x84\x13\x92\xca\xb4\xc6R\
\x14,\x0e\xaf\x08\xa4\xb1K\x13\xc1VH\x99\x08\x86\x0b\
\x1c\x87\xe5!\x88\xe1TH\x8e\x04b\x14\x04\x15\xff\xde\
\xd9\xcc\x83\xf5\xf1\xae0\x03\xcb\xee\xce7\xdf\xb7\xb3\xc3\
\x0c\x1c\xc5\x22.\xdb\x87\x1d\xc0I4p\x08\xd7\xb0\x83\
\xab\xa8\xe0\x5c\xc4\xbd\xc3\x0b\xac\xe3O\x91\xd0\x05lb\
\x0dG0\x83~\xc1j`,%\x1e\x8c\xfd#N\xa0\
\x8a\xb3\xb8\x87=4\xb1\x822\x86\x03\xbb\x89-\xb4S\
\xa1\xeb\xf8\x92\xbcT+\xc8\xf2q\x82\xff\xc0x\x06\x9c\
B'\x01\xbf\xc6~;\xf0\x1a&p\x18\xaf\x93\xb8N\
p\xd5s\xff\xac\xe1\x11~\x06\xf14\x96q\x0c\x0fs\
\xb1u\xe8\xe6\x9cU\x8c\xc4\xf9\x13.\xc6}\xa8\xa0\xb8\
\xdd\x12\x9e\xe7\xfez&\x0a\x98\x15\xf6\x19~\xe1C\x08\
\xa5\xb6\x0a\xa3\x01f\xaa\xad\x00oa;|/q\x1c\
\x93!\xd6\x0f\xce\xf9Li:\x97\xda\xdd\xf0\x97q\x05\
\xbb\x91\x09\xdc\xc1\xef\xe0\xfcc\xf7\x13\x81\x1e\x96p#\
\x0a\xd9\x0a\xffB\xc4V\x06\xb5\xf6\x14\xde\x0f\xe8\xc2l\
\xcd\x15ubfm<\xc5[|\xc7\xb7\xa8C\x13\xf3\
\xd8\xc0\x03\xbc\xc1\xab\xfd\x0c_\x09OB\xfc\x92\x98\xc0\
\xff\xb1\x1efc\x8a?\xc3_\xb7\xdar\xa8&6\xe1\
\xed\x00\x00\x00\x00IEND\xaeB`\x82\
\x00\x00\x00\xe6\
\x89\
PNG\x0d\x0a\x1a\x0a\x00\x00\x00\x0dIHDR\x00\
\x00\x00\x10\x00\x00\x00\x10\x08\x06\x00\x00\x00\x1f\xf3\xffa\
\x00\x00\x00\xadIDATx\xda\xad\x93=\x0e\x82P\
\x10\x84\xbfx\x02\x0a[\x0a\xe2\xe5L8\x0c\x1e\xe3\xf5\
`E\xb8\x00\x81#h\xe8\xe5\x00TB3\x90\xf5\x89\
J|L\xb2\xc5\xee\xcel\xb2\x7f\xf0\x19\x19\xf0\x94e\
l@\x04\x9c\x81D~\x0b\x8c\xb2F\xb1D\x9c\xc8\x17\
\x1f\x81R\xe4\x0ep\xc0`\x0a\x0c\x8au\xf2Ki\x16\
\xa4\x86\xbc\xd5R[\xe0\x04\xdc<B\x0f\x5ce\xbd\x97\
\xbbK\xf3\x02g\x08\x95\x99\xc5\xdc{e\xf2\xce\x0a/\
@mz~\x00\xf1\xca\x90c\xe5\xe6\x99\xd4\xd2\xbe\xf5\
\x96\x7f\xd9T\xe1\xf3\x0f\xec\x80\xe0\x16\x82\x87\xb8\xcb\x1a\
\x83\x0f)\xf8\x94\xd7\x9e\xa91\x05\xda_\xcf\xf4\xf7;\
O/\x85}\xde0\x98\xaf\xb2\x00\x00\x00\x00IEN\
D\xaeB`\x82\
\x00\x00\x02\x0a\
\x89\
PNG\x0d\x0a\x1a\x0a\x00\x00\x00\x0dIHDR\x00\
\x00\x00\x10\x00\x00\x00\x10\x08\x06\x00\x00\x00\x1f\xf3\xffa\
\x00\x00\x01\xd1IDATx\xda\xa5SKHT\x01\
\x14\xbd\xef\x8d\x9f\x166S\xb6\xc8\xb1\x85\x1b\xd1\x826\
1Vj~(?-\x9cF\x06\x02QB\x14j\x11\
m\xde$\xd6\xa2\x92Z\x88\x0c\xa2\x0d\xe4\xc6\xb0U\xb4\
\xe8\xc7D\xd42\x18!\xfb1\x9fF$i!(\x04\
\xa1eL\x86\xd2{\xf7\xd7B\x22\x0b\x09f\xe6\xc0]\
]\xce\x81s\xce\xbd\x86\xaaB>(\xc8\x85\xb4\xd1\x11\
\xb0\x14\xd1R\x07#f.\x02j;\x03;NwV\
\xa8\x83!#[\x0b\xeb-'\x8b\x14i^\x11K\x15\
\xe9F\xd6\x16\xc4\xc1\x11E\x5cP\xa4*O\xe25\xff\
W\xa0\xfd\xfa\xac\xa5\xc2!a\xbe\xf9b\xb8&\xf2\xa3\
\xe1xP\x91\xba\x14\xf1\x90'\xf9\x86\x01\x00\x0c\xbcp\
>\x0aD~%~V8u'\xb8U\xa0\xf5Z\xf2\
S\xf7a\xd7\xbe\xb9o\xab\xb0\x12\xcf$\xc7\x13\x13\x07\
\xee\x957\x8c=\xf0\xd6\xb9\x84\xa9G\x84\x22& \xf9\
]\x81S\x05\xea`\xc0\xee\xee9\xf2\x87\x9ch\x16\xa6\
\x92\xbb3\xeb\xab\x1f\xd2ru,>\xe1~\xb5\xb32\
v\xdf[\xbb\x9f\x19\x07\xbb\xea\xdc\x15Ld\x19v\x7f\
_\x14\x90\xfc\x9b\xc1P\x89\x22~y\xba\xdb\xf7\xf1\xb6\
\xb7\xb5\x99Tz\xa7\xc3\xc7\xa6\xd7j\xea'\x15\xa9\xcc\
\x93~\xd7\x09\x00\xe0;\xf7\xd8\x12\xe1\x8b\xc24\xfeW\
\x0bmC\xa9\xa2\x8e\xcf3\xcf\x1b\x97SG+3K\
?\x0d\xc7\xfe\xaaHU\x8ad\x03R\xf9\xae\xf9\xd4\xf7\
\x7fs2\xb7\xf8-c\xa6\xd8\x93=\xbe\x95Pu\xdf\
^\xc3\xb6\xdb\xd5\xc1j\xf7\xd93.u\xb0x;2\
\x00\x80\xd16\xf4\xde\x12\xa1\xcb\xc2\x5c(L\xe1X\xb8\
~\xf4\xf72s\xd0\x17U\xdc\x0c\xb8ta.\xb8m\
U'\xae\xc4\x17o=Jk\xd3\xa5\x97\xcb\xaa\x0a\xd9\
\x8e)\x8c\x91\x87o\xd7\x96\x84p$\x97\xb36\xf2\xfd\
F\x13\xf2\xc4/\xef\xac/S\x17J\x14J\x00\x00\x00\
\x00IEND\xaeB`\x82\
\x00\x00\x02*\
\x89\
PNG\x0d\x0a\x1a\x0a\x00\x00\x00\x0dIHDR\x00\
\x00\x00\x10\x00\x00\x00\x10\x08\x06\x00\x00\x00\x1f\xf3\xffa\
\x00\x00\x01\xf1IDATx\xda\x8d\x93\xcf\x8e\x12A\
\x10\xc6\xbf*\x06T\x5cVa\xcd.\x1a\x99a\x98E\
\x92\xf1bBb6\x1e\x8d\xfa\x18\xc6\xf5\x01\xf4\xe0\xb3\
\xecY}\x127\xf1\xb0Q\x0f\xde4Q\x06\xe8a#\
b\xb2\xce\x0e\x1a\xf97\xdd\xe5A0\x80\xa0\xd6\xad\xba\
\xbf\xefW\xddU\xdd\xc0b\xf0|\xb2\xeb\xbaw\xab\xae\
{\x07\x7f\x89\x05\x83\xe38\xb6W*\xdf\x9f\xe5bL\
\xca\x88\xa4~\x03K\xe5{^\xa9t}-@)\xd5\
\x11\xc2\x8ew\xd5\xdb\x05\x00J\xa7_\x90e\x1d\x02@\
\xa5R\xd96\x84\x9b\x09s0\xef\xa1\xe9\xa6\xcd\xcc\xbd\
F\xa31\xaa\xd7\xeb\xe9(\x8a\xb2d\xcc\x9e\x00e\x16\
\x19k\xe1\x0eY\xf4f0\x18L\xba\xdd\xee\x0f\xdf\xf7\
3\xc3\xe1\xb0\xd8l6\xc3\x14\x00\xe4s\xb9\xbah\xd9\
\xcfo\x15\x1a\xd6\xc9\xc9x\xcc\xd6c@N\x85\xf9\x03\
\x09\xed\x11\x19\x87D\xea\x1b\xa3\xcd\xd7\xb9b\xae\x98\x0c\
\xc7O`t\x1c\xc5q\x8bfG\xb1m;\x9f\xc9d\
\xb4\x19'\x0f\x98\xe4eC\xa9\xb7\x00\xac\xaa\xe3T\x8d\
\xc8m\x01_\x01\xd0\x83\xc5\xcf\x93$\xe10\x0c\xa3\x85\
\x1e\x84a\x18i\xad\xcf\x11\x8955\x03@\xf2Q\xa9\
\xf7A\x18\x1e\x10\xc9w\x22\xf1D\xe4\xec\xcc\xfcG\x13\
\x01\xec\x90\xf0\x975\x13;\x120\xd1\x84\xb6\xd7N\x81\
G\x1c\x192\x97V\xb9\x03\xa5\x0e!rl,\xd3_\
\x0b\x08>\x05\xc7\x04\x9cw]\xf7\xda2`:\xda3\
\xedv\xbb\xb3\x16\x00@X\xebg\xace\xbfV\xab\xe5\
f\x8b\xbe\xefo\x08\xeb\x87\xac'O\x01\x98yCj\
\xb9\xd2\xd7~\xff[\xe1\xe2\x85\x9cI\x92\xad(\x8e\xdb\
\x00\xb0\x99\xcd\xde\x02!\x0a:\x9dW\xcbzk\xd5}\
\x0d\xf3;2\xf2\xc8u\x9c\x1b\x00  /\x059X\
\xa5]\x09\x10\x11\x22\x88\xcdB\x97\x7f\xbdW\xc9L\x88\
\xcc??\xd3\x1c \x06(\x04\xc1\x80`\x04h\x13\xd1\
\xe9\x7f\x03\x94R\x9f\x01\x11\x22\x14\x88P\x00 \xadV\
\xab\xb7J\xfb\x13\x90\xd0\xe0Wm\x8e\xb8\xfd\x00\x00\x00\
\x00IEND\xaeB`\x82\
\x00\x00\x00\xf2\
\x89\
PNG\x0d\x0a\x1a\x0a\x00\x00\x00\x0dIHDR\x00\
\x00\x00\x10\x00\x00\x00\x10\x08\x06\x00\x00\x00\x1f\xf3\xffa\
\x00\x00\x00\xb9IDATx\xda\xad\xd3\xb1j\x02A\
\x10\xc6\xf1\x9fZX\x09\xc2\x15\x22\x92k,\xd2X\x84\
\xe0SXX\xd8\xe51\xf2$\xbe]0\x11\x82\xb6J\
 \xa7\x8d\x16j\x9a),\xe2\xe6r\xe7\xd7\x0c\xcc\xee\
\xfewg\xe6[j\xaaq#\xdfD7\xe2\xb5\xf68\
\x96\x01gXa\x87-\x8a8<+\xfb\xb2vl~\
\xc5\x05s\xbc \xffo\x89\xe3\x00<I\xd4\x9a\xd2\x08\
\x07l\xaa\x02\x1e\xa3\x07_u\x00\xebT\xe7\x9b\x7f\x8c\
x\x88e\xea\x86\x14\xa0\x83\x01\x16U\x01\xbd0\xd3G\
U@?\xd6\xdfR\x80\xd6/\xb9\x1c\x13L\xf1\x8cw\
<\xe0\x13\xa72\xe6\x99\x85m\x8b\x18\xe1.l\x9d\x95\
\xfdL\xedh\xe0\xb5\xce\xf8\x8ex_\xfd\x00\x5c\xf5!\
\x0a\xc8g\xea\xf0\x00\x00\x00\x00IEND\xaeB`\
\x82\
\x00\x00\x01c\
\x89\
PNG\x0d\x0a\x1a\x0a\x00\x00\x00\x0dIHDR\x00\
\x00\x00\x10\x00\x00\x00\x10\x08\x06\x00\x00\x00\x1f\xf3\xffa\
\x00\x00\x00\x09pHYs\x00\x00\x0b\x13\x00\x00\x0b\x13\
\x01\x00\x9a\x9c\x18\x00\x00\x01\x15IDATx\x9cc\
`\x18\x14\xc0\xf2\xces1\xdb\x9b\xafn\xd8\xde|\xbd\
\x8a,\x03\x14\x8f=\xac\x12\xd9\x7f\xf7\xbf\xfc\xb1\x87\x1f\
@\x86\x10\x83\xado\xbd\xb1\x80\x1b w\xf4\xc1:\x86\
\xcd\xd7\xff\x83\x0c\xb1\xbd\xf9\x9a(ls\xe3U(\xdc\
\x00\xf9c\x0f\xb7\x102 \xa0\xe7\xf3\xff\x98\xe8\x1f\xff\
C+\xbe\x12g\x80\xfd\xd5\xd7\xffC+\xbf\xfew8\
\xff\x06\xcc\xf7\x99\xf3\xf1\x7f\x9a\xd1\x9f\xff\x119\xdf\x08\
\x1b`\x7f\xe9\xcd\xff\xb8\x80\x9f`\x0d\x89.\xbf\xfe\xfb\
\xcc\xff\xf8?C\xeb\xef\x7f\xdf\xd9\x9f\xfe\xfb\xcc\xfd\x88\
\xdf\x00\x87so\xfe'z\xfc\xfa\x1f\x1d\xff\xe3\xbf\xdd\
\xd5\xd7\xff#\xb2\xbe\xff\xcfR\xfc\xf7\xdfs\xe5\x07\xe2\
\xc2\xc0\xfe\xe2\x9b\xffA-_\xfe\xdb]\x87*\xbe\xf1\
\xfa\xbf\xcb\xdew\x84\x03\x91{\xd7\xed\xffJ'\x1e\xfd\
w:\xf2\xf6\xbf\xef\xccOx1\x86\x01Z\xe7\x1e7\
\x83l\x02Ix\xac{\xff?&\xe2\x07^\x8ca\x80\
\xf5\xcd\x97\xfa\xb67^\xfd%6\x0d`\x18\x003\x04\
$H,\xb6\xbf\xf5F\x86\xacdOu\x00\x00?n\
\xa9\x91w\xca\xa8\xae\x00\x00\x00\x00IEND\xaeB\
`\x82\
\x00\x00\x11Y\
\x89\
PNG\x0d\x0a\x1a\x0a\x00\x00\x00\x0dIHDR\x00\
\x00\x02\x00\x00\x00\x02\x00\x08\x06\x00\x00\x00\xf4x\xd4\xfa\
\x00\x00\x00\x04sBIT\x08\x08\x08\x08|\x08d\x88\
\x00\x00\x00\x01sRGB\x00\xae\xce\x1c\xe9\x00\x00\x00\
\x04gAMA\x00\x00\xb1\x8f\x0b\xfca\x05\x00\x00\x00\
\x09pHYs\x00\x00\x0e\xc4\x00\x00\x0e\xc4\x01\x95+\
\x0e\x1b\x00\x00\x00\x19tEXtSoftwa\
re\x00www.inkscape.\
org\x9b\xee<\x1a\x00\x00\x10\xb9IDATx\
^\xed\xddK\x88lG\x19\xc0\xf1\x18\xa3\xf8\x08\x92\x8d\
\x88\xe2\x0b\x85\x88\x06\x11\xb3\x117bp\x11\x5c\x08A\
C\x14A]h\xc8N\xd0\x85K!k\xf1\xb5\x16W\
\x8a\x18\x85\xb8\x15t\x11]\x88\x12PQ\x14\x5c(\xc6\
G\xf0\x85\x105\xf8\x8eV\xf5\xcc\xe4\x9e\xdb\xb7\xa7\xa6\
\x1fUu\xea\xf1\xfb\xc1GO_\xc8\x0d!3}\x8a\
>_\xff\xe7&\x00\x00\x00\x00\x00\x00\x00\x00\x00\x00\x00\
\x00\x00\x00\x00\x00\x00\x00\x00\x00\x00\x00\x00\x00\x00\x00\x00\
\x00\x00\x00\x00\x00\x00\x00\x00\x00\x00\x00\x00\x00\x00\x00\x00\
\x00\x00\x00\x00\x00\x00\x00\x00\x00\x00\x00\x00\x00\x00\x00\x00\
\x00\x00\x00\x00\x00\x00\x00\x00\x00\x00\x00\x00\x00\x00\x00\x00\
\x00\x00\x00\x00\x00\x00\x00\x00\x00\x00\x00\x00\x00\x00\x00\x00\
\x00\x00\x00\x00\x00\x00\x00\x00\x00\x00\x00\x00\x00\x00\x00\x00\
\x00\x00\x00\x00\x00\x00\x00\x00\x00\x00\x00\x00\x00\x00\x00\x00\
\x00\x00\x00\x00\x00\x00\x00\x00\x00\x00\x00\x00\x00\x00\x00\x00\
\x00\x00\x00\x00\x00\x00\x00\x00\x00\x00\x00\x00\x00\x00\x00\x00\
\x00\x00\x00\x00\x00\x00\x00\x00\x00\x00\x00\x00\x00\x00\x00\x00\
\x00\x00\x00\x00\x00\x00\x00\x00\x00\x00\x00\x00\x00\x00\x00\x00\
\x00\x00\x00\x00\x00\x00\x00\x00\x00\x00\x008\xd03\xce\x1f\
kyq\x98\xf7\x84yk\x987\x84ya\x98\xe7\x85\
\x01\x80\xd9\xfc=\xcc\x1f\xc2\xfc(\xcc#a\xbe\x1c\xe6\
\xf10U\xd4:\x00\xbc,\xcc\x83a\xde\x17\xe6\x96\xf8\
\x07\x00\xc0u\xfe\x1b\xe6\x0ba>\x1e\xe6\xd7\xf1\x0fJ\
\xaaq\x00\xb87\xcc\xe7\xc2\xdc\xb6y\x06\x00\xa4<\x11\
\xe6\x810\x0fm\x9e\x15\xf2\xcc\xf3\xc7R>\x1c\xe6\xf3\
a\x9e\xbby\x06\x00\x5c\xe59a\xde\x15&\x1e\x04\xbe\
\x1b\xff\xa0\x84\x92\xef\x00\xdc\x17&\xde\xcf\xa8\xbdg\x00\
\x00#\xf8_\x98\xf8.\xfa\xc3\x9bg\x99\x95\xba8\xbf\
<\xccO\xc2\xdc\xbay\x06\x00\x1c\xe3\xc90w\x84y\
l\xf3,\xa3\x9b\xcf\x1fs\xfbD\x18\x17\x7f\x008\xcd\
\xf3\xc3\xc4kjv%\xde\x01xE\x98_\x84)u\
\xb8\x00\x80\x99\xc4O\x07\xbc*\xcc\xaf6\xcf2)q\
\x91~o\x18\x17\x7f\x00\xc8#.\xec\xbf\xff\xec\xcb|\
J\x5c\xa8\xef:\x7f\x04\x00\xf2\xc8~m-q\x00x\
\xed\xf9#\x00\x90\xc7\xeb\xce\x1f\xb3)\xb1\x03\xf0\xaf0\
\xcf:\xfb\x12\x00\xc8\xe0\xa90\xb1\xa4\x1b?\x1a\x98E\
\x89w\x00\xe2\xb2\x02\x00\x90O\xbc\xb6f\xbb\xf8G%\
\x0e\x00\x7f:\x7f\x04\x00\xf2\xf8\xe3\xf9c6%\x0e\x00\
?>\x7f\x04\x00\xf2\x88q\xbd\xacJ\x1c\x00\xbeq\xfe\
\x08\x00\xe4\xf1\xcd\xf3\xc7lJ,\x01\xc6_\xfd\xfb\xf3\
0\x16\x01\x01\xe0t\xff\x09\xf3\xea0\xcd\x87\x80\xe2\xef\
0\xfe\xe2\xd9\x97\x00\xc0\x89\xbe\x14&\xeb\xc5?*\xf5\
\xcb\x80^\x1a&\xee\x02\xdc\xb6y\x06\x00\x1c\xe3\xcfa\
^\x1f\xe6\xf1\xcd\xb3\x8cJ\xbc\x03\x10\xfd&\xcc\xfda\
\xb2~d\x01\x00&\x12\xaf\xa1\x0f\x84\xc9~\xf1\x8fb\
_\xb8\x94\x9f\x86yA\x987o\x9e\x01\x00\x87\xf8L\
\x98O\x9f}\x99_\xa9[\x00\x17\x9e\x1d\xe6\x910\x0e\
\x01\x00\xb0\xbfo\x87y[\x98\xb8\x00XD\xe9\x03@\
\xf4\x920\xdf\x0f\xf3\xa2\xcd3\x00 %\xbe\xe5\x7fg\
\x98\xdfo\x9e\x15Rj\x07`)\xfe\x87\xdc\x17\xa6\xd8\
)\x06\x00\x06\x11\x7f\x9f\xce\xbda\x8a^\xfc\xa3\x92;\
\x00K\x8f\x85\xf9[\x98\xbb7\xcf\x00\x80]>\x16\xe6\
\xabg_\x96U\xe3\x16\xc0\x85\xf8\xefz8\xcc=\x9b\
g\x00\xc0\xd2W\xc2\xbc\xfb\xec\xcb\xf2j\x1e\x00\xa2\xf8\
\xa9\x80G\xc3\xdc\xbey\x06\x00D\xf1\x93so\x0a\x13\
\xdf-\xaf\xa2\xc6\x0e\xc0\xd2_\xc2\xbc3L\xb5\xff@\
\x00h\xdc*\xd7\xc6\xda\x07\x80(\xfeF\xa3\x0f\x9e}\
\x09\x00S\x8b\xb1\x9f\x0f\x84\xf9\xd9\xe6YE\xb5\x96\x00\
\xb7\xc5C\x80H\x10\x00\xb3\x8b\xb1\x9f\xcf\x9e}YW\
\xed\x1d\x80%\x91 \x00fV<\xf6\x93\xb2\xe6\x01 \
\x12\x09\x02`FUb?)k\xec\x00,\x89\x04\x01\
0\x9bj\xb1\x9f\x94\xb5v\x00\x96D\x82\x00\x98I\xb5\
\xd8O\xca\xda\xb7\x00.\x88\x04\x010\x83\xaa\xb1\x9f\x94\
V\x0e\x00\x91H\x10\x00#\xab\x1e\xfbIY{\x07`\
I$\x08\x80Q5w\x8dk\xe9\x00\x10\x89\x04\x010\
\x9a\xd5b?)-,\x01n\x13\x09\x02`$\xab\xc5\
~RZ\xda\x01X\x12\x09\x02`\x04\xab\xc6~RZ\
=\x00D\x22A\x00\xf4l\xf5\xd8OJk;\x00K\
\x22A\x00\xf4\xaa\x89\xd8OJ\x8b;\x00K\x22A\x00\
\xf4\xa8\x89\xd8OJ\xcb\xb7\x00.\x88\x04\x01\xd0\x93f\
b?)=\x1c\x00\x22\x91 \x00z\xd0T\xec'\xa5\
\xe5\x1d\x80%\x91 \x00Z\xd7\xd5\xb5\xaa\x97\x03@$\
\x12\x04@\xab\x9a\x8c\xfd\xa4\xb4\xbe\x04\xb8M$\x08\x80\
\x165\x19\xfbI\xe9e\x07`I$\x08\x80\x964\x1b\
\xfbI\xe9\xf1\x00\x10\x89\x04\x01\xd0\x82\xa6c?)=\
\xed\x00,\x89\x04\x01\xb0\xb6\xe6c?)\xbd\xed\x00,\
\x89\x04\x01\xb0\xa6\xe6c?)\xbd\xde\x02\xb8 \x12\x04\
\xc0\x1a\xba\x88\xfd\xa4\xf4~\x00\x88D\x82\x00\xa8\xa9\x9b\
\xd8OJ\xaf;\x00K\x22A\x00\xd42\xcc5g\x84\
\x03@$\x12\x04@i\xdd\xc5~Rz^\x02\xdc&\
\x12\x04@I\xdd\xc5~RF\xd8\x01X\x12\x09\x02\xa0\
\x84.c?)\xa3\x1d\x00\x22\x91 \x00r\xea6\xf6\
\x932\xca\x0e\xc0\x92H\x10\x00\xb9t\x1d\xfbI\x19i\
\x07`I$\x08\x80\x1c\xba\x8e\xfd\xa4\x8cx\x0b\xe0\x82\
H\x10\x00\xa7\xe8>\xf6\x932\xf2\x01 \x12\x09\x02\xe0\
\x18C\xc4~RF\xdc\x01X\x12\x09\x02\xe0PS\x5c\
;F?\x00D\x22A\x00\xeck\xa8\xd8O\xca\xa8K\
\x80\xdbD\x82\x00\xd8\xc7P\xb1\x9f\x94\xd1w\x00\x96D\
\x82\x00H\x19.\xf6\x932\xd3\x01 \x12\x09\x02`\x97\
!c?)3\xec\x00,\x89\x04\x01\xb0m\xd8\xd8O\
\xca,;\x00K\x22A\x00,\x0d\x1b\xfbI\x99\xed\x16\
\xc0\x05\x91 \x00\xa2\xa1c?)\xb3\x1e\x00\x22\x91 \
\x80\xb9\x0d\x1f\xfbI\x99m\x07`I$\x08`^\xd3\
_\x03f>\x00D\x22A\x00\xf3\x99&\xf6\x932\xe3\
\x12\xe06\x91 \x80\xb9L\x13\xfbI\x99y\x07`I\
$\x08`\x0eS\xc5~R\x1c\x00\xae\x11\x09\x02\x18\xdb\
t\xb1\x9f\x94\xd9w\x00\x96D\x82\x00\xc65e\xec'\
\xc5\x0e\xc0\xf5D\x82\x00\xc64e\xec'\xc5-\x80\x1b\
\x89\x04\x01\x8ce\xda\xd8O\x8a\x03\xc0n\x22A\x00c\
\x98:\xf6\x93b\x07`7\x91 \x80\xfey-Op\
\x00\xb8\x9cH\x10@\xbf\xc4~\xae`\x090M$\x08\
\xa0Ob?W\xb0\x03p5\x91 \x80\xbe\x88\xfd\xec\
\xc1\x01`?\x22A\x00}\x10\xfb\xd9\x93\x1d\x80\xfd\x88\
\x04\x01\xb4O\xec\xe7\x00v\x00\xf6'\x12\x04\xd06\xb1\
\x9f\x03\xb8\x05p\x18\x91 \x806\x89\xfd\x1c\xc8\x01\xe0\
p\x22A\x00m\x11\xfb9\x82\x1d\x80\xc3\x09K\x00\xb4\
\xc3k\xf2\x91\x1c\x00\x8e#\x12\x04\xb0>\xb1\x9f\x13X\
\x02<\x9eH\x10\xc0\xba\xc4~N`\x07\xe04\x22A\
\x00\xeb\x10\xfb9\x91\x03\xc0\xe9D\x82\x00\xea\x12\xfb\xc9\
\xc0\x0e\xc0\xe9D\x82\x00\xea\x11\xfb\xc9\xc4\x0e@\x1e\x22\
A\x00u\x88\xfdd\xe2\x16@>\x22A\x00e\x89\xfd\
d\xe4\x00\x90\x97H\x10@\x19b?\x99\xd9\x01\xc8K\
\x90\x02 ?\xaf\xad\x058\x00\xe4'\x12\x04\x90\x8f\xd8\
O!\x96\x00\xcb\x10\x09\x02\xc8C\xec\xa7\x10;\x00\xe5\
\x88\x04\x01\x9cF\xec\xa7 \x07\x80\xb2D\x82\x00\x8e#\
\xf6S\x98\x1d\x80\xb2D\x82\x00\x0e'\xf6S\x81\x1d\x80\
\xf2D\x82\x00\x0e#\xf6S\x81[\x00u\x88\x04\x01\xec\
G\xec\xa7\x12\x07\x80zD\x82\x00\xd2\xc4~*\xb2\x03\
P\x8f\x90\x05\xc0\xe5\xbcFV\xe6\x00P\x97H\x10\xc0\
\x8d\xc4~V`\x09\xb0>\x91 \x80\xeb\x89\xfd\xac\xc0\
\x0e\xc0:D\x82\x00\xce\x88\xfd\xac\xc4\x01`=\x22A\
\xc0\xec\xc4~Vd\x07`=\x22A\xc0\xcc\xc4~V\
f\x07`]\x22A\xc0\xac\xc4~V\xe6\x16\xc0\xfaD\
\x82\x80\xd9\x88\xfd4\xc0\x01\xa0\x0d\x22A\xc0,\xc4~\
\x1aa\x07\xa0\x0d\x02\x18\xc0\x0c\xbc\xd65\xc4\x01\xa0\x1d\
\x22A\xc0\xc8\xc4~\x1ac\x09\xb0-\x22A\xc0\xa8\xc4\
~\x1ac\x07\xa0=\x22A\xc0h\xc4~\x1a\xe4\x00\xd0\
&\x91 `\x14b?\x8d\xb2\x03\xd0&\x91 `\x04\
b?\x0d\xb3\x03\xd0.\x91 \xa0wb?\x0ds\x0b\
\xa0m\x22A@\xaf\xc4~\x1a\xe7\x00\xd0>\x91 \xa0\
7b?\x1d\xb0\x03\xd0>\xe1\x0c\xa0'^\xb3:\xe1\
\x00\xd0\x07\x91 \xa0\x07b?\x1d\xb1\x04\xd8\x0f\x91 \
\xa0ub?\x1d\xb1\x03\xd0\x17\x91 \xa0Ub?\x9d\
q\x00\xe8\x8fH\x10\xd0\x1a\xb1\x9f\x0e\xd9\x01\xe8\x8fH\
\x10\xd0\x12\xb1\x9fN\xd9\x01\xe8\x93H\x10\xd0\x0a\xb1\x9f\
N\xb9\x05\xd0/\x91 `mb?\x1ds\x00\xe8\x9b\
H\x10\xb0\x16\xb1\x9f\xce\xd9\x01\xe8\x9b\xe0\x06\xb0\x06\xaf\
=\x03p\x00\xe8\x9fH\x10P\x93\xd8\xcf ,\x01\x8e\
A$\x08\xa8E\xecg\x10v\x00\xc6!\x12\x04\x94&\
\xf63\x10\x07\x80\xb1\x88\x04\x01\xa5\x88\xfd\x0c\xc6\x0e\xc0\
XD\x82\x80\x12\xc4~\x06d\x07`<\x22A@n\
b?\x03r\x0b`L\x22A@.b?\x83r\x00\
\x18\x97H\x10p*\xb1\x9f\x81\xd9\x01\x18\x97P\x07p\
\x0a\xaf!\x83s\x00\x18\x9bH\x10p\x0c\xb1\x9f\x09X\
\x02\x1c\x9fH\x10p(\xb1\x9f\x09\xd8\x01\x98\x83H\x10\
\xb0/\xb1\x9fI8\x00\xccC$\x08\xb8\x8a\xd8\xcfD\
\xec\x00\xccC$\x08H\x11\xfb\x99\x8c\x1d\x80\xb9\x88\x04\
\x01\x97\x11\xfb\x99\x8c[\x00\xf3\x11\x09\x02\xb6\x89\xfdL\
\xc8\x01`N\x22A\xc0\x05\xb1\x9fI\xd9\x01\x98\x93\xc0\
\x07\x10y-\x98\x98\x03\xc0\xbcD\x82`nb?\x93\
\xb3\x0487\x91 \x98\x97\xd8\xcf\xe4\xec\x00 \x12\x04\
\xf3\x11\xfb\xc1\x01\x80\x0d\x91 \x98\x87\xd8\x0f\x1bv\x00\
\x88D\x82`\x0eb?<\xcd\x0e\x00\x17D\x82`|\
b?<\xcd-\x00\x96D\x82`\x5cb?\x5c\xc7\x01\
\x80m\x22A0\x1e\xb1\x1fn`\x07\x80m\xc2 0\
\x16?\xd3\xec\xe4\x00\xc0.\x22A0\x06\xb1\x1f.e\
\x09\x90\xcb\x88\x04A\xff\xc4~\xb8\x94\x1d\x00RD\x82\
\xa0_b?$9\x00p\x15\x91 \xe8\x8f\xd8\x0fW\
\xb2\x03\xc0UD\x82\xa0/b?\xec\xc5\x0e\x00\xfb\x10\
\x09\x82~\x88\xfd\xb0\x17\xb7\x00\xd8\x97H\x10\xb4O\xec\
\x87\xbd9\x00p\x08\x91 h\x97\xd8\x0f\x07\xb1\x03\xc0\
!\x04E\xa0M~69\x98\x03\x00\x87\x12\x09\x82\xb6\
\x88\xfdp\x14K\x80\x1cC$\x08\xda!\xf6\xc3Q\xec\
\x00p,\x91 X\x9f\xd8\x0fGs\x00\xe0\x14\x22A\
\xb0\x1e\xb1\x1fNb\x07\x80S\x88\x04\xc1:\xc4~8\
\x99\x1d\x00N%\x12\x04\xf5\x89\xfdp2\xb7\x00\xc8A\
$\x08\xea\x11\xfb!\x0b\x07\x00r\x11\x09\x82\xf2\xc4~\
\xc8\xc6\x0e\x00\xb9\x08\x91@Y~\xc6\xc8\xca\x01\x80\x9c\
D\x82\xa0\x0c\xb1\x1f\xb2\xb3\x04Hn\x22A\x90\x9f\xd8\
\x0f\xd9\xd9\x01\xa0\x04\x91 \xc8G\xec\x87\x22\x1c\x00(\
E$\x08N'\xf6C1v\x00(E$\x08N#\
\xf6CQv\x00(I$\x08\x8e'\xf6CQn\x01\
P\x9aH\x10\x1cN\xec\x87\xe2\x1c\x00\xa8A$\x08\xf6\
'\xf6C\x15v\x00\xa8A\xc0\x04\xf6\xe3g\x85j\x1c\
\x00\xa8E$\x08\xd2\xc4~\xa8\xca\x12 5\x89\x04\xc1\
\xe5\xc4~\xa8\xca\x0e\x00\xb5\x89\x04\xc1\x8d\xc4~\xa8\xce\
\x01\x805\x88\x04\xc15b?\xac\xc2\x0e\x00k\x10\x09\
\x823b?\xac\xc6\x0e\x00k\x11\x09\x02\xb1\x1fV\xe4\
\x16\x00k\x12\x09bfb?\xac\xca\x01\x80\xb5\x89\x04\
1#\xb1\x1fVg\x07\x80\xb5\x09\x9f0\x1b\xdf\xf34\
\xc1\x01\x80\x16\x88\x041\x0b\xb1\x1f\x9aa\x09\x90V\x88\
\x041\x03\xb1\x1f\x9aa\x07\x80\x96\x88\x0412\xb1\x1f\
\x9a\xe2\x00@kD\x82\x18\x91\xd8\x0f\xcd\xb1\x03@k\
D\x82\x18\x8d\xd8\x0fM\xb2\x03@\x8bD\x82\x18\x89\xd8\
\x0fMr\x0b\x80V\x89\x041\x02\xb1\x1f\x9a\xe5\x00@\
\xcbD\x82\xe8\x99\xd8\x0fM\xb3\x03@\xcb\x04S\xe8\x95\
\xef]\x9a\xe7\x00@\xebD\x82\xe8\x8d\xd8\x0f]\xb0\x04\
H\x0fD\x82\xe8\x89\xd8\x0f]\xb0\x03@/D\x82\xe8\
\x81\xd8\x0f\xddp\x00\xa0'\x22A\xb4L\xec\x87\xae\xd8\
\x01\xa0'\x22A\xb4J\xec\x87\xee\xd8\x01\xa07\x22A\
\xb4H\xec\x07\xa0\x82x\xeb\xeaka\xe2\xb6\xb51k\
\xcfCa\xa0;v\x00\xe8\x95H\x10-\x10\xfb\xa1[\
v\x00\xe8\x95\xd0\x0ak\xf3=H\xd7\x1c\x00\xe8\x99H\
\x10k\x89o\xfd\x8b\xfd\xd05K\x80\xf4N$\x885\
\x88\xfd\xd0=;\x00\x8c@$\x88\x9a\xc4~\x18\x82\x03\
\x00\xa3\x10\x09\xa2\x06\xb1\x1f\x86a\x07\x80Q\x88\x04Q\
\x9a\xd8\x0fC\xb1\x03\xc0HD\x82(I\xec\x07\xa0a\
\x22A\xa6\xc4\x88\xfd0\x1c;\x00\x8cH$\x88\x9c\xc4\
~\x18\x92\x1d\x00F$\xd0B.\xbe\x97\x18\x96\x03\x00\
\xa3\x12\x09\xe2T\xf1\xad\x7f\xb1\x1f\x86e\x09\x90\x91\x89\
\x04q\x0a\xb1\x1f\x86f\x07\x80\xd1\x89\x04q\x0c\xb1\x1f\
\x86\xe7\x00\xc0\x0cD\x828\x84\xd8\x0fS\xb0\x03\xc0\x0c\
D\x82\xd8\x97\xd8\x0f\xd3\xb0\x03\xc0,D\x82\xd8\x87\xd8\
\x0f\xc0\x80D\x82Lj\xc4~\x98\x8a\x1d\x00f#\x12\
\xc4.b?L\xc7\x0e\x00\xb3\x11va\x9b\xef\x09\xa6\
\xe4\x00\xc0\x8cD\x82\xb8\x10\xdf\xfa\x17\xfbaJ\x96\x00\
\x99\x95H\x10\x91\xd8\x0f\xc0\x84b$\xe8;a\xb6\x97\
\xc1\xcc\x1c\xf3\xad0\xb7\x84\x81)Y\x02dv\x22A\
s\x12\xfbazv\x00\x98\x9dH\xd0|\xc4~ \xb0\
\x03\x00\x22A\xb3\x11\xfb\x01\xe0i\x22As\x8c\xd8\x0f\
\x9c\xb3\x03\x00\xd7\x88\x04\x8dM\xec\x07\x16\xec\x00\xc05\
\x820\xe3\xf2\xff\x16\xb68\x00\xc0\xf5D\x82\xc6\x13\xdf\
\xfa\x17\xfb\x81-\x96\x00\xe1F\x22Ac\x11\xfb\x01`\
o\x22Ac\x8c\xd8\x0f\x5c\xc2\x12 \x5cN$\xa8o\
b?\x90`\x07\x00.'\x12\xd4/\xb1\x1f\xb8\x82\x1d\
\x00H\x13\x09\xea\x93\xd8\x0f\x00'\x13\x09\xeak\xc4~\
\x00\xc8&~* ~\x8cl\xd7\x05\xc7\xb43\xf1\x13\
\x1c\xb7\x86\x01\x80l\xee\x08\xf3\xd70\xbb.<f\xfd\
y\x22\xcck\xc2\x00@vq)p\xd7\xc5\xc7\xac;\
O\x85\xb9'\x0c\x00\x14\xf3\xc90\xbb.Bf\xbd\xf9\
T\x18\x00(J$\xa8\xad\x11\xfb\x01\xa0\x9a\x18\x09\xfa\
]\x98]\x17$So~\x1bF\xa8\x09\x80\xaa\xde\x12\
\xe6\xdfav]\x98L\xf9\xf9g\x18\xbf\xaf\x01\x8e$\
\x04\x04\xc7\x13\x09Z\x97\xd8\x0f\x00\xab\x11\x09Zg\xc4\
~\x00X\x9dHP\xdd\x11\xfb\x01\xa0\x19\x22AuF\
\xec\x07\x80\xe6\x88\x04\x95\x1d\xb1\x1f\x00\x9a%\x12Tn\
\xc4~\x00h\x96HP\x99\x11\xfb\x01\xa0y\x22Ay\
G\xec\x07\x80n\x88\x04\xe5\x19\xb1\x1f\x00\xba\xf3\x910\
\xbb.jf\xff\xf9h\x18\x00\xe8\x8aH\xd0i#\xf6\
\x03@\xb7D\x82\x8e\x1b\xb1\x1f\x00\xba'\x12t\xd8\x88\
\xfd\x000\x0c\x91\xa0\xfdF\xec\x07\x80\xe1\x88\x04]=\
b?\x00\x0cG$(=b?\x00\x0cK$h\xf7\
\x88\xfd\x000<\x91\xa0\xebG\xec\x07\x80i\x88\x04]\
\x1b\xb1\x1f\x00\xa6!\x12t6b?\x00Lg\xf6H\
\x90\xd8\x0f\x00\xd3\x9a5\x12$\xf6\x03\xc0\xf4f\x8b\x04\
\x89\xfd\x00\xc0\xb9\x99\x22Ab?\x00pn\x96H\x90\
\xd8\x0f\x00l\x19=\x12$\xf6\x03\x00\x97\x185\x12$\
\xf6\x03\x00W\x181\x12$\xf6\x03\x00W\x18-\x12$\
\xf6\x03\x00{\x1a%\x12$\xf6\x03\x00\x07\xea=\x12$\
\xf6\x03\x00G\xea5\x12$\xf6\x03\x00'\xea1\x12$\
\xf6\x03\x00'\xea-\x12$\xf6\x03\x00\x99\xf4\x12\x09\x12\
\xfb\x01\x80\xccZ\x8f\x04\x89\xfd\x00@!-G\x82\xc4\
~\x00\xa0\x90V#Ab?\x00PXk\x91 \xb1\
\x1f\x00\xa8\xa4\x95H\x90\xd8\x0f\x00T\xb6v$H\xec\
\x07\x00V\xb2f$H\xec\x07\x00V\xb2V$H\xec\
\x07\x00VV;\x12$\xf6\x03\x00\x8d\xa8\x15\x09\x12\xfb\
\x01\x80\xc6\xd4\x88\x04\x89\xfd\x00@cJG\x82\xc4~\
\x00\xa0Q\xa5\x22Ab?\x00\xd0\xb8\xdc\x91 \xb1\x1f\
\x00\xe8\xc4;\xc2\xfc#\xcc\xae\x0b\xfa!\x13\xff\x8e\xf8\
w\x01\x00\x9d\xb8;\xcc\x93av]\xd8\xf7\x99\xf8.\
\xc2]a\x00\x80\xce\xbc1\xcc\xf7\xc2\xec\xba\xc0\xa7\xe6\
\xd10w\x86\x01\x00:us\x98\x0f\x85\xf9A\x98]\
\x17\xfb\xe5\xfc0\xcc\xfda\xe2?\x03\x0c,~l\x08\
\x98\xc7\xeda\xde\x1e\xe6\x95abA0z<\xcc/\
\xc3|=L\xfc\x04\x01\x00\x00\x00\x00\x00\x00\x00\x00\x00\
\x00\x00\x00\x00\x00\x00\x00\x00\x00\x00\x00\x00\x00\x00\x00\x00\
\x00\x00\x00\x00\x00\x00\x00\x00\x00\x00\x00\x00\x00\x00\x00\x00\
\x00\x00\x00\x00\x00\x00\x00\x00\x00\x00\x00\x00\x00\x00\x00\x00\
\x00\x00\x00\x00\x00\x00\x00\x00\x00\x00\x00\x00\x00\x00\x00\x00\
\x00\x00\x00\x00\x00\x00\x00\x00\x00\x00\x00\x00\x00\x00\x00\x00\
\x00\x00\x00\x00\x00\x00\x00\x00\x00\x00\x00\x00\x00\x00\x00\x00\
\x00\x00\x00\x00\x00\x00\x00\x00\x00\x00\x00\x00\x00\x00\x00\x00\
\x00\x00\x00\x00\x00\x00\x00\x00\x00\x00\x00\x00\x00\x00\x00\x00\
\x00\x00\x00\x00\x00\x00\x00\x00\x00\x00\x00\x00\x00\x00\x00\x00\
\x00\x00\x00\x00\x00\x00\x00\x00\x00\x00\x00\x00\x00\x00\x00\x00\
\x00\x00\x00\x00\x00\x00\x00\x00\x00\x00\x00\x00\x00\x00\x00\x00\
\x00\x00\x00\x00\x00\x00\x00\x00\x00\x00\x00\x00\x00\x00l\xb9\
\xe9\xa6\xff\x03\xb849J\xa0\x07\x91\xe9\x00\x00\x00\x00\
IEND\xaeB`\x82\
\x00\x00\x03\x95\
\x89\
PNG\x0d\x0a\x1a\x0a\x00\x00\x00\x0dIHDR\x00\
\x00\x00\x10\x00\x00\x00\x10\x08\x03\x00\x00\x00(-\x0fS\
\x00\x00\x02IPLTE\xff\xff\xff\x00\x00\x00\x00\x00\
\x00\x00\x00\x00\x00\x00\x00\x00\x00\x00\x00\x00\x00\x00\x00\x00\
\x00\x00\x00\x00\x00\x00\x00\x00\x00\x00\x00\x00\x00\x00\x00\x00\
\x00\x00\x00\x00\x00\x00\x00\x00\x00\x00\x00\x00\x00\x00\x00\x00\
\x00\x00\x00\x00\x00\x00\x00\x00\x00\x00\x00\x00\x00\x00\x00\x00\
\x00\x00\x00\x00\x00\x00\x00\x00\x00\x00\x00\x00\x00\x00\x00\x00\
\x00\x00\x00\x00\x00\x00\x00\x00\x00\x00\x00\x00\x00\x00\x00\x00\
\x00\x00\x00\x00\x00\x00\x00\x00\x00\x00\x00\x00\x00\x00\x00\x00\
\x00\x00\x00\x00\x00\x00\x00\x00\x00\x00\x00\x00\x00\x00\x00\x00\
\x00\x00\x00\x00\x00\x00\x00\x00\x00\x00\x00\x00\x00\x00\x00\x00\
\x00\x00\x00\x00\x00\x00\x00\x00\x00\x00\x00\x00\x00\x00\x00\x00\
\x00\x00\x00\x00\x00\x00\x00\x00\x00\x00\x00\x00\x00\x00\x00\x00\
\x00\x00\x00\x00\x00\x00\x00\x00\x00\x00\x00\x00\x00\x00\x00\x00\
\x00\x00\x00\x00\x00\x00\x00\x00\x00\x00\x00\x00\x00\x00\x00\x00\
\x00\x00\x00\x00\x00\x00\x00\x00\x00\x00\x00\x00\x00\x00\x00\x00\
\x00\x00\x00\x00\x00\x00\x00\x00\x00\x00\x00\x00\x00\x00\x00\x00\
\x00\x00\x00\x00\x00\x00\x00\x00\x00\x00\x00\x00\x00\x00\x00\x00\
\x00\x00\x00\x00\x00\x00\x00\x00\x00\x00\x00\x00\x00\x00\x00\x00\
\x00\x00\x00\x00\x00\x00\x00\x00\x00\x00\x00\x00\x00\x00\x00\x00\
\x00\x00\x00\x00\x00\x00\x00\x00\x00\x00\x00\x00\x00\x00\x00\x00\
\x00\x00\x00\x00\x00\x00\x00\x00\x00\x00\x00\x00\x00\x00\x00\x00\
\x00\x00\x00\x00\x00\x00\x00\x00\x00\x00\x00\x00\x00\x00\x00\x00\
\x00\x00\x00\x00\x00\x00\x00\x00\x00\x00\x00\x00\x00\x00\x00\x00\
\x00\x00\x00\x00\x00\x00\x00\x00\x00\x00\x00\x00\x00\x00\x00\x00\
\x00\x00\x00\x00\x00\x00\x00\x00\x00\x00\x00\x00\x00\x00\x00\x00\
\x00\x00\x00\x00\x00\x00\x00\x00\x00\x00\x00\x00\x00\x00\x00\x00\
\x00\x00\x00\x00\x00\x00\x00\x00\x00\x00\x00\x00\x00\x00\x00\x00\
\x00\x00\x00\x00\x00\x00\x00\x00\x00\x00\x00\x00\x00\x00\x00\x00\
\x00\x00\x00\x00\x00\x00\x00\x00\x00\x00\x00\x00\x00\x00\x00\x00\
\x00\x00\x00\x00\x00\x00\x00\x00\x00\x00\x00\x00\x00\x00\x00\x00\
\x00\x00\x00\x00\x00\x00\x00\x00\x00\x00\x00\x00\x00\x00\x00\x00\
\x00\x00\x00\x00\x00\x00\x00\x00\x00\x00\x00\x00\x00\x00\x00\x00\
\x00\x00\x00\x00\x00\x00\x00\x00\x00\x00\x00\x00\x00\x00\x00\x00\
\x00\x00\x00\x00\x00\x00\x00\x00\x00\x00\x00\x00\x00\x00\x00\x00\
\x00\x00\x00\x00\x00\x00\x00\x00\x00\x00\x00\x00\x00\x00\x00\x00\
\x00\x00\x00\x00\x00\x00\x00\x00\x00\x00\x00\x00\x00\x00\x00\x00\
\x00\x00\x00\x00\x00\x00\x00\x00\x00\x00\x00\x00\x00\x00\x00\x00\
\x00\xaa?T\xcf\x00\x00\x00\xc2tRNS\x00\x01\x02\
\x03\x04\x05\x06\x07\x08\x09\x0a\x0b\x0c\x0d\x0e\x0f\x10\x11\x12\
\x14\x16\x18\x19\x1a\x1b\x1c\x1d\x1e\x1f !#$%'\
()+-./023579:<=?\
@ABCDFGHIJKMOPRS\
UVXYZ[^`abdefghi\
klmpqrstuvwxz{|}\
~\x80\x81\x82\x83\x85\x89\x8c\x8d\x8e\x90\x91\x92\x93\x94\x96\
\x98\x99\x9b\x9c\x9e\x9f\xa0\xa1\xa2\xa7\xa9\xaa\xab\xac\xad\xae\
\xaf\xb0\xb2\xb5\xb6\xb7\xb8\xb9\xba\xbc\xbe\xbf\xc1\xc2\xc3\xc4\
\xc5\xc6\xc8\xc9\xca\xcf\xd0\xd1\xd2\xd3\xd5\xd6\xd7\xd8\xda\xdb\
\xdd\xde\xdf\xe0\xe1\xe2\xe3\xe4\xe7\xe8\xe9\xea\xeb\xec\xed\xee\
\xef\xf0\xf1\xf2\xf4\xf5\xf6\xf7\xf8\xf9\xfa\xfb\xfc\xfd\xfe\xc3\
,<\x95\x00\x00\x009IDATx\xdac`\xc0\
\x02\x0e\xc1\x01L\x80\x01\x8d\x81*p\x08\x0d\xe0\x15\x00\
+'M\x0bB\x00\xd9\x85\x0cH\xca\xe0\x92\x87\x18\x94\
\xa0\x96\xc0\x1d\xb8\x15$P\x8d\x10@\xf7\x1c\x0a\x00\x00\
\xa9It\x83\x03\xd7!\xa9\x00\x00\x00\x00IEND\
\xaeB`\x82\
\x00\x00\x00\xd2\
\x89\
PNG\x0d\x0a\x1a\x0a\x00\x00\x00\x0dIHDR\x00\
\x00\x00\x10\x00\x00\x00\x10\x08\x06\x00\x00\x00\x1f\xf3\xffa\
\x00\x00\x00\x99IDATx\xda\xd5\xd31\x0e\x01a\
\x14\x04\xe0o\x85\xc2\xaaHl'n\xe0\x10\xabp\x00\
\xb5\xcbp\x14\xcd\x16\x1c\xc1aD!Y\x09\xb1\x89(\
$\xa2\xf9{\xbf_\x221\xf5\x9b7\x937\xf3\xf8\x12\
Y\x02\xa7\x87.\x9e\xb8|B\x9c\xa0\xc2\x11\x0d\xce(\
c\x1d\xcc\xb0\xc1\x1ek\x1c\xf0\xc0.\x86\x5c\xa0\xc6\x16\
y\xca\x9d\x96\xc1r\x91B.p\xc5*5\xa5eX\
\xf0\xa7\xeaM\xaaz\x1e\x22\xab1|7\xdc\xc6\x00S\
t0\xc2\x02c\xccq\x8aQ,C-\x9bP\xd3*\
\xd46\xfa\x992\xf4\xd1\xc2\x1d7\xbf\xc4\x0b\x1dI\x1f\
\xb2{\x0dq\xd8\x00\x00\x00\x00IEND\xaeB`\
\x82\
\x00\x00\x01\xf4\
\x89\
PNG\x0d\x0a\x1a\x0a\x00\x00\x00\x0dIHDR\x00\
\x00\x00\x10\x00\x00\x00\x10\x08\x06\x00\x00\x00\x1f\xf3\xffa\
\x00\x00\x01\xbbIDATx\xda\xcd\x93?h\x14Q\
\x10\x87\xbfy\xef\xddf7w(\x09\x06TH\xa7 \
D\x1b\xd1\xe2\xc0\x10\xc4R\xb1\x10\x04\xff,\x1c\x8a9\
\xbd\x13-\xec\x8c\xa0\x88\x85 \x1am\xbcF\xb4\x90D\
,\x14;+A\x8b\xc4\xce^\xe2\x89I%A\x85\x98\
\xdc&\xb9\xdb\xdd7\x16b0\xa4\xd14:\xed\xcc|\
\xcc\xef73\xf0\xdf\x85*\xf27\xf5fu\xf35C\
\xb36\xa63\xf5\x81u\x01\x98\xfa\xb2\x97R\xe1\x04\x99\
\xc6\xeb\x03X?\x8c3\xe0\xf5\xb8N]\xd8\xf0'\x00\
\xb72\xfe\x87Z?\xe8v\xbe\xb7\xdfS\x0av\xb0\xd0\
9\x04<Y\xc9\x9f>\xbf\x15\xabG0\xb2\x89\x5c\xa7\
\x09x&\x8dF\xcb\xfcf\xc0I\xe0\x05p\x97\x82\x05\
\xc3\x19U\x15\x00\xadV\xb7`\xf5\x0d\xe8\x152\xcd\x11\
\x1e\xd0\xf6O\xb5R\x09\x0d\x80~\xaa\x84\x18\x86XN\
\x1fS\xec\x1egny\x16g\x07\xf9X\xdf\x0d@n\
\xf6\x13\x04\xdbP\x1d\x95\x87\x8d\x1b\xa8\x7f\x8du\x07\xb1\
];\x7fJ\xc8\xa2!\x0av\x80@FH\x12\x05R\
\x22\xe7X\xe8\x9c\x02\xde\x91-\xbd\xa4c.b\x5cY\
\x87k\xafP\xd9\x85\xcf\x15\xe8\xfe%!\xc62\x8a\xf1\
\x93\xa0o\xf1r\x93\xc54G8\xaaZ\xddH\xa7k\
3\x22W\xc1\x97\xc9\xb9\x85\xfaI\xac\x15\x9c\xf3N\x9b\
\xd5= }\xd2\x7f\xff\xde\xaa\x9bh\xd6bz\xa32\
\x9f\x93c`f\x89\xa2>Z\xc98.\x9f\xc0\xdb\xcb\
\x88\x01\x9f\x87\x06q\xb7Q\xbe\xad\xd9\x8f\xa7\xc9b:\
C\xc7\x9c\xa3._\x99O\x1ea\xe5\x00\xde<GY\
\x22K\xa7\xf1\x5cr\xe4\xf60\xa1K\xd7\x00\xc2\xf0,\
smK\xe0\x0c\xfbz[2x}B\xeb\xf5\x12\xf3\
E\x95\xb1;\x89\xc6q\x91\x9e\x1e\xfb\xef\x9f\xef\x071\
\xe8\xabv\x7f\xea#\xbb\x00\x00\x00\x00IEND\xae\
B`\x82\
\x00\x00\x01$\
\x89\
PNG\x0d\x0a\x1a\x0a\x00\x00\x00\x0dIHDR\x00\
\x00\x00\x10\x00\x00\x00\x10\x08\x06\x00\x00\x00\x1f\xf3\xffa\
\x00\x00\x00\xebIDATx\xda\xad\xd2\xbb.EQ\
\x10\x06\xe0o\xa39\x95BD\xa2\x90(\x14:op\
\x0a\x97V\xf4\x0ao\xa0Ty\x10\x11\xa5\x87P\xcaI\
\x14\x12\x15\xc9\xa9\x08\x09*\x1a\x14\xc7m\xd3L\xb1\xec\
\xace\x15L2\xc9\xcc\xfck\xfe57\xfe(Mb\
/`'b_\x9d7#\x5c\xe1\x08\x17%\xb2\xb5H\
\xfcM\x9f\xb1Y\x22XN\x1e>\xe1$\xf4\x14\x8f\x09\
v\x83\xc9\x1a\xc1\xa0\x83-\xe2>\xb0\xf7\xf0\xc1X\xa1\
\x9a\xb6\xe3\x0f\xf1\x10\xf6(Z\x01\x13\x05\x82il\x84\
=\x8e~\xfc\xda\xe2\x00w\xb5\x16J\xfa\x8a\xad4\xa9\
T\xc1-\x0e\x935\xcea\x1d=\xec\xe123\xa7\x1f\
\x15\x1cgHw\x13|\xbf6\xc4&\x13\x1b&\xf6l\
\xad\x85\x1e\xe6\x13\xb2\x19l'\xf8um\x88\x1fxI\
\xb4\xed\x1c\xd9R\x8e`\xa5\xb2\x81O\x9ca\xb5\xd4\xeb\
T\x904\x99y\xbc\xc5\x09\x9f\xc7*\xffO\xbe\x01\x02\
\xffT\x22\xbd\xfb\x9d\xa6\x00\x00\x00\x00IEND\xae\
B`\x82\
\x00\x00\x01!\
\x89\
PNG\x0d\x0a\x1a\x0a\x00\x00\x00\x0dIHDR\x00\
\x00\x00\x10\x00\x00\x00\x10\x08\x06\x00\x00\x00\x1f\xf3\xffa\
\x00\x00\x00\xe8IDATx\xda\xb5\xd3\xbbJ\x83A\
\x14\x04\xe0\xcfh0E\x22\xe2\xa5I+)BD\xac\
\xacR\x8a>\x80v\xb1\xf1\x0d\x04\xb1\x16\x02B^ \
]\x1e \xc4\xd2*\x08b\xa5UZ;m,\xec\x02\
\xa2x\x03/\xcd\x16?\x92\xfd\x7f#z`\x8a3\xec\
\xcc\x9c=\xec\xf2\x8f5\x8f|\xd6\xa1\xc9\x08\xbf\x86K\
\x14p\xfe\x9b\xf46>p\x8db\xe0\xea8I\xe0\x00\
r#\xc4s\xd8F\x133\xd8\x1c7}\x17C\x94\xd0\
E\x7f\x1c\xf1\x04.\xd0\x09\xfd\x06^\xb0\xf4S\x83\x15\
<a5\xc1]\xe10&\x98\xfa\xd6\xef\xe0\x19\xcb\xa8\
\xe2\x13\xb7h\xa0\x85\xd7\xb4\xf4\x22np\x8f\x87\x04\x86\
x\xc7z\xd6\xf8[AP\xc3B\x02\x8b8E/\xcb\
\xa0\x8f\xe3\x14\xf3G\x94c\xe2\x0a\xde\xc2\xd6c\xd7\xbb\
\xc3~\xcc`\x0f\x03L\xa7Lx\x84\xb3\x11\x8b\x07\xb3\
\xe1\xe1\xa4U>\xec#\xf7\xa7_\xf6\x0b8\xd9(X\
\x81Hqq\x00\x00\x00\x00IEND\xaeB`\x82\
\
\x00\x00\x01\x11\
\x89\
PNG\x0d\x0a\x1a\x0a\x00\x00\x00\x0dIHDR\x00\
\x00\x00\x10\x00\x00\x00\x10\x08\x06\x00\x00\x00\x1f\xf3\xffa\
\x00\x00\x00\xd8IDATx\xda\xa5\xd3;K\x03Q\
\x10\x05\xe0o\x1f\x9d\x18Y\x97\x88\x12;Am\x04\xff\
\x89?[\x94\x80\xad\xa4W$QD\x1bA4\xb1p\
\x16\x96\xcbf7\xd1\x03\xd3\x0c\xe7\x9cy\xdd\x0b\xab\x9e\
x\xc1\x1e\xce\xb0\xec\xe2\x94~\xb1\xc4k$\xdbx\x8e\
\xdc\x17\x9e\x90a\x07\xbbmRS\xe9\x1c\xe3$\xea\x10\
\x15\xa8p\x89\xfb\xa4\x0b+,\xb0\xaf\x1f\x87\xb8\x09\xfe\
\x0co\xa9\xc1\xb8G<\xc14\xb8\xb7\xb8\x88\x9162\
8n\x89\xa78\x8a\x1d<\xe2s\xc8\xa0\xc2]K<\
\x89|\x81\x13\x9c\x96\x03s\x7f\xe0:\xaet\x85\x87\xd6\
\xd5\x16\xb1\xe0\xc1\x11r\x8c\x92\x5c\x1d\xd7\x98\x0fu\xd0\
T{\xef0=@\x95\xfb;\xbe\x1b\xa7\x7f!O\x1d\
\xb7\xa9\x0ee2S\xb1\xa1A\xdd\x14\xcf\xe2\x0a\xeb>\
\xd3:d\xf1F\xf2l\x0bQ'~\x00%\xa9H\xc5\
K\x98\xb9M\x00\x00\x00\x00IEND\xaeB`\x82\
\
\x00\x00\x02\xf4\
\x89\
PNG\x0d\x0a\x1a\x0a\x00\x00\x00\x0dIHDR\x00\
\x00\x00\x10\x00\x00\x00\x10\x08\x06\x00\x00\x00\x1f\xf3\xffa\
\x00\x00\x02\xbbIDATx\xda\xad\x91\xcdo\x14e\
\x00\xc6\x7f\xf3\xbe\xef\xcc\xce\xec\xccn\xe9\x96\xdd\xd2\x22\
b\xb4\x04\x01\x95\x0b^HP\xd3\x18\xa3f\xe5\xe6\x07\
\x09\xe9\xc9H\x8c\xf1\xe4EO\x9c\xfc\x0bL<5\x1c\
8\x198\xd8D \x04\xb4\x17\x95\x98\xe0G\xb6n\xdb\
-J\xbb\x15H\xb7\x1f\xdb]\xb73\xbb;\xb33\xf3\
z 1h4\x1e\xe4\xb9=\xcf\xe1\x97\xe7\xc9\x03\xff\
S\xc6\x83\xe6\xac\xd6\xe2\xd6<\xc7\xa4\x8d\x17l\xf9T\
\xbe\x9e'\x94\x1e\x89);\x8d\xf7\x0f}\xffO\x00\xf5\
\xa0\xa9,2\x9c\x95\x5c\x16\x92\xdd\xa6\xe7\x91O\x02r\
\x8d*\x89\xdf\xee\x1e\x9e|\xfd\xf4\xec\xec\xc5\xcf\xff\x0e\
\x10\x7f\xa9\x13!1\xc8h\x01Z\x82\xd3k1\xbaY\
c\xa4Q\xcb\xca((\xff\xe7\x04\xcejq\xea-\xce\
%\xf5\x85r\xb4\xd5\x1e\xa9W\x96I\x11\xcd0W\xbc\
\xbc\xb4\xe7\xc8\xbb\x9c\xd9\xdb\xfd\xd7\x09oT\xa2\xe7L\
;\x9d\x02Q\x0av\x22Z\x8b\xbf\x90\xaf\xdd \xe7\xaf\
\x93\xdan\xa9\xf4\xc8S3\xeb\x1f\xcf\x1a\xb1\xe5\xad\x90\
\x84\xe7\x97?<\xf1\xcd\x9f\x0dN\xcd\xc5gDV~\
bf0\xd3\xf8~\x1aE\xb0\xfa\xc3m\xe4\xb5\xcf(\
n\xd4\xc00\xf0\x87\xf6r\xe7\x99\xd7\x88\x84\x8c\x8c8\
|\xef\xf6G\xcfO\xcb\x97\x7f\xd4\x87\x9d\xac\xb8\xa05\
\xce\x9d\xea=\xeas\xab\x84A\xcc\xaeB\x9e\x5ci\x98\
\xbb\x81E\xe6^\x0d\x11v\xb1\x82&\xc4!~\xf1\x09\
I\x9a\xbe\x90\x9f\x9c\x9aQ\xaffwNz~;\x17\
\xc5\x92\x0d\xda\xa4E\x83/\x97W\xd9p,\xc6\x1e/\
\xe2\x8e\x8f\xd1/M\xf0\xd2\xb3\x07p\xf2\xc3T\xab\x0b\
\xac\x05\xbf#\xdc\xa1<\xa1>)&\xe2\x9d\x02\x0b\x15\
\x1e\xa3\xcf\xc1\x82\xcd\xd1=.\xe3\xaeI\xd7\xefc\x18\
 ME*-F\x1f\xdd\xcf\xf8\xc4\x01r\x9e\x0bq\
t\xff\x01a\x14\xd4\x8c\x1a\xbdY<Q\xe6\xa7V@\
}i\x99\x9dV\xc0\xb60\x99\xd8W$M\xa0\xd7\xf1\
q\xd6~\xe5\xda\xb9\x05\x94\x95\xa1\xa1\x1dx\xf2\x15H\
\x13R\xd2\x9bjn[^\xda\xb7\x8bY\xb3\xe0N\x9a\
O\x1f\xc2\xe9\x04\x1c\x1crq<\xc5f\xa3K\xba\xf4\
3\xee\xd6\x0akQ\x1f\x92\x01\xed#/bx\xc3h\
\x7f\xfb\xabA\xc6\xbc\x22\xbe;n\xf4\xa8V\xdeN+\
\xf3\x1d\xc7\x82\x91\xf1!\x94\xa5\xd8Z\xd9\xa4u\xfd*\
\xfb\xeb7\x10:E(\x13iZ\x18Bv\xd3\xc1\xe0\
B\xac\xec\xd3w?8\xde3\xca\xe5w\xb2\xb6+\xa7\
\x0d\xa1\xde\x14\xa51A.\xcf\xa0? n6\xb1\xc3\
\x0e\x86\x01Q\xb7K\xaf\xb9\x0eZ\x93\x9av[\x87\xfe\
\xd4\xf5o\xaf~\x01\xa0\x1c\xa7\x15\x22\xc6>\x95RL\
'\xbf\xdd\x82~\x8cT\x0a\xcb\xb6I\xa4B+\x85\xca\
\xd8$\x1a\x88\x13\x84\xee\x093\x89\x16yX\xfa\x03\xac\
\x15\x22u\x03\x89\xb7\xc1\x00\x00\x00\x00IEND\xae\
B`\x82\
\x00\x00\x02\x1a\
\x89\
PNG\x0d\x0a\x1a\x0a\x00\x00\x00\x0dIHDR\x00\
\x00\x00\x10\x00\x00\x00\x10\x08\x04\x00\x00\x00\xb5\xfa7\xea\
\x00\x00\x00 cHRM\x00\x00z&\x00\x00\x80\x84\
\x00\x00\xfa\x00\x00\x00\x80\xe8\x00\x00u0\x00\x00\xea`\
\x00\x00:\x98\x00\x00\x17p\x9c\xbaQ<\x00\x00\x00\x02\
bKGD\x00\xff\x87\x8f\xcc\xbf\x00\x00\x00\x09pH\
Ys\x00\x00\x0e\xc4\x00\x00\x0e\xc4\x01\x95+\x0e\x1b\x00\
\x00\x00\x07tIME\x07\xe8\x05\x08\x0a6\x09\xc6\xc0\
8\xd7\x00\x00\x00\xc4IDAT(\xcfe\xd1=N\
\xc3@\x10@\xe1/\x08\x89\x22\xd8\xc6\x11'\xe5\x0e\x5c\
 AJl+\x0e4T\xdc(\x12%\x92o\x90\xc2\
\xf6R\xf8'\xcef\xaa\xd5\xbc7;3\xbb\xbc\xfbS\
\xc9\xc4\xb1Q\xfb\xf5F#h}Hnp\xa6\xd4\x09\
\xce|\xe9\x04\xbd\xfdB\xc9T\x82\xa0\xb5'W\xe8\x05\
\xbd\x83\xf4\x06w\xb6C&U\x8eJ!\x91\xcex\xe7\
y\xba\xf2\xaa\xd4N\xfa\x18/\x95p_=E\xa2\x9e\
\x85\xc2zJ?\xcc\xc2\xcaj>?y\x8c\xeb3\xd5\
\xa2Ep\xf4\x12\xe3\xa1\xf7\xc1q\x14k\xf9=\xdeY\
K\xe6qO\x83\xb2QF\x93\xa7\x0b\xe5\x95o\xdd\xdd\
b\xd7w\xf9\xe1\x22hm\xa3\xbdS\x85Np\xe1S\
\xa3\x18\x7fa\x19\xb9Z\xa3\xfa\x07\xf8Tn\xe6\x9f\xd2\
\xd0\x09\x00\x00\x00%tEXtdate:c\
reate\x002024-05-08\
T10:54:04+00:00\x0c\
X.Z\x00\x00\x00%tEXtdate:\
modify\x002024-05-0\
8T10:54:04+00:00\
}\x05\x96\xe6\x00\x00\x00(tEXtdate\
:timestamp\x002024-\
05-08T10:54:09+0\
0:00K\xc7\xd6\xf9\x00\x00\x00\x19tEXt\
Software\x00www.ink\
scape.org\x9b\xee<\x1a\x00\x00\x00\
\x00IEND\xaeB`\x82\
\x00\x00\x01_\
\x89\
PNG\x0d\x0a\x1a\x0a\x00\x00\x00\x0dIHDR\x00\
\x00\x00\x10\x00\x00\x00\x10\x08\x06\x00\x00\x00\x1f\xf3\xffa\
\x00\x00\x01&IDATx\xda\x9d\xd2\xbd+\xc5a\
\x14\x07\xf0\x0f\xf7\x92\x14\x8a\xba$\xe5%\x19\x5c\x22)\
%\xb1\xb0\xda\x19MF\x19\x18D\x19\x0c\xfe\x042\x99\
]\xa3\x0c\xfe\x04\x0b\x03Q\x06)/\x83\xb7I\x94\x97\
\xe5\xa8\x9f\xdb\xedr\x9d\xe5y\xces\xce\xf9>\xdf\xf3\
='\xe5wkF\x05^\x0a\x05SE\x0aS\x98C\
\x06\xcbx\xc0E~Ry\x11\x80\x05\x0c \x17\xe7\xb0\
\x12\xac#~\x1c\x0b\xbf\x13u\xa5\x00\xac\xe1\xfc/\x89\
I\x0d\xd2\x18E7\x16q\x83\xdbh\xf3\x1e\xd9\x10\xf4\
.!nc:\x01P\x816\xf4\xa0\x1d\x07\xd1\xca5\
&\xb0\x84>L\x06\xbb\x1c\x8e\x0a\xb1\x9a\xc6'z\x13\
\xc0\xab\xa1\xc1\x0e\xf6\xb0\x19l\xab\x0b\x01l\x84\x80\xf5\
\x89IU\xc6}\x16\xaf\x18/6\xc6~\x9c\xe21\xfc\
\x0f\xbcE\xee \xdeq\x12\xb1\xdat^q\x03\xba\x82\
\xc5g\xbc\x95\xa1\x053\xb8\xc4\x13F\xf0\x1c\x1a\xfd\xb0\
\xa1(\x1cK\xbc\xd5\xe1\x18+\xe1\xaf\xe3\x0a[\xf1\xa1\
\x0cZ#8\x1f\xf4\xaa\xf2\xb6\xb5-\x98|\x8f;\x9b\
\x14p\x17\x87\x11\xd8\xc7T)\x1b\x97\x0a\x8a5\x81x\
\x86m\xff\xb0\x0c\x9a\xfeS\xf8\x05\xec\xab1\xb5\xfb\xeb\
\xfe\x12\x00\x00\x00\x00IEND\xaeB`\x82\
\x00\x00\x01\xe6\
\x89\
PNG\x0d\x0a\x1a\x0a\x00\x00\x00\x0dIHDR\x00\
\x00\x00\x10\x00\x00\x00\x10\x08\x06\x00\x00\x00\x1f\xf3\xffa\
\x00\x00\x01\xadIDATx\xda\xcd\xd2\xbfk\x14A\
\x18\xc6\xf1\xef;{\xbb\xa7\xf1\x10s\x87\x01\x0b\x7f \
\x22\x01\xa3`\x12\xec\x02{F\xd4\xca\xe2\x90 \x04\x12\
ml\xaclE\x086\xfe\x05\x16\xc6F\xd3\xa4\xd8\x9c\
\x11\xec\x82x&B\x0a5jR\x89X\x04\x11+/\
\x85!h2\xbb3\xaf\x85J\x5c\xb3\xa9\xf5-\x87\xe7\
\xfd0\xf3\xce\x0b\xff\xbad\xcbI2{\x1c\xc3\x15J\
\xe1n\xac]\x82\xbd\xe3\x0c\xf5X\x1e\xce\xf5\xa2\x9c\x00\
\x9d\xe7b\xfc\xe1w\xdc\xe4\x9a\xa7Z\x83\x84\xe1S\x94\
\xa3\xf8t\x06cN\x12\xac\xdc&I\x02\xbc\xdc *\
\xdf\x079\xfcg\xcb&0\xfd\xa4\x06\xe6..S\xac\
^\xa6\x11OQ\xf3W\xf1Z#\xd8w\x1a\xd1\x1e\xec\
\xc6Wl\xb4X\x0cd\xd1y:*GPm1\x5c\
o\x03P\xafg\x04\xdc\xc3\xf9\xeb\x88\x1cDu\x91\xf7\
\xeb+\xc5\x80\xd1>\xa2\x08`9\xf7\xac\x03\x95\x05\x0c\
{\xe8\xa8\xec\xc0\x98\x97\xdc\xaag\xc5\x00\xa6\x8az\x80\
\xb5\x1c\xd0\xdf\x9f\x02\xefp\x198\xf7\xe6\xef\x99o\x02\
\xea\xf5\xe7\xbf\xa8\xe6\x12\xaa\x06\xd8\xcf\xfawK)|\
\xb5= \xb4\x11\x03jv\xe5\x12\x93\xb3U\xd0>\xe0\
5\x9d\xe9\xc7\xed\x01\xcf[\xac\x05\xd1C\xb9DYN\
\x11\x95\xab\xa0J\x1c;\xc6\xc6\x0c\xcd\xf9\xee\xad@i\
\xe7\x0c\xdf\xd6\x96A\xce0\xfd\xa2\xf6\xeb\xfe\x82\xca5\
R\xfb\x19\xe5\x13\x8f\x9e_\xe0\xd8\xe0\x00\x92\x8e\x14o\
bs\xee\x1cA\xf0\x00\xe7\x16\x10\x99@\xf5,b\x1a\
\xa8\x1b\xc1\xeb*FZ \x1bx\x1df(~\x5c\xbc\
\xca\xcdg\xddx\x19%4]xi\x932\xc9\xa5\x81\
%\x92$\x82\xae\x9b\x04\xfa\x85F|\x07\x11\xe5\xbf\xa8\
\x1fr\x06\x99\xb0\x09\xf5\xa8\x8a\x00\x00\x00\x00IEN\
D\xaeB`\x82\
\x00\x00\x01Q\
\x89\
PNG\x0d\x0a\x1a\x0a\x00\x00\x00\x0dIHDR\x00\
\x00\x00\x10\x00\x00\x00\x10\x08\x06\x00\x00\x00\x1f\xf3\xffa\
\x00\x00\x01\x18IDATx\xda\x8d\xd2\xcd+\x84Q\
\x14\xc7\xf1\xcf\x18y\x09i0E\x09;l\xa4Y\xca\
k\xb6Vj\xb2e%\xe5\x0f\x90\x7f\xc0j\x8a\xb5\x8d\
\x95\x85\x9d\x85\x92\x85\x8d%k\xa4\xd8\x91\x97\x18\xe5u\
!cs\xa7\xa6\xa7y\xc6\xf3\xdd\xdds\xee\xf9\xdds\
\xcf\xf9\xa5\xc43\x84Q\xfc\xe2\x0c7\x12\xd2\x8em|\
\xe2\x1d\x1fxC\x01M\xff\x157\xe0\x00E,\xa2\x17\
\xfdX\xc5\x17vPWK`\x01%LV\xc9\xcd\x87\
\xdct-\x81=\x9c\xc4\xe4R\xb8\xc4fe0\xdaN\
\x17nc\x04Jx@\xb6\x96\xc0\x05rHW\x11h\
\xc50\xcek}a$L}\xadJ\xae\x80\x17\xf4U\
\x06\xeb#\x97\x1a\xc3\xfa60\x8e\xfdp'\x8f\x19\x5c\
\xa39\xee\xf5\xb9P|\x8c\x950\xcc\x22\x9eq\x84e\
\x9c\x86\xf3X\xb4x0\x98e7tQ&\x13\x8cU\
\xa6\x0d\x87\xb8COt}WhI\xe0\xd4,\x1e\xb1\
U\x0e\x0c\x04\x97-I\xce:\x9eB\x87\xf2\xf8\x0e\x96\
MJ\x0e?\x98\xa8C'^\xc3\x8a\x92r\x1f\x06\xde\
\x01\xdd\x98\x0aVMJ\x1a\xb3\xc8\xfc\x01\x94|7\xce\
\xda\x8b4\xb7\x00\x00\x00\x00IEND\xaeB`\x82\
\
\x00\x00\x02i\
\x89\
PNG\x0d\x0a\x1a\x0a\x00\x00\x00\x0dIHDR\x00\
\x00\x00\x10\x00\x00\x00\x10\x08\x06\x00\x00\x00\x1f\xf3\xffa\
\x00\x00\x020IDATx\xda\x8d\x93\xcdK\x94Q\
\x14\x87\x9f\xfb~8\x06\xa6396\xf9\xad\x11\x04-\
,\xcc\x09\x13Jd\xdc\x8cXA\x1b\xb7\xb6\xa8V\xd1\
\xa6M\xbbV-\x22\xa2\xfa\x07j\x15B\x1f+\xe9c\
\xb4(\x0a+\x85p\x11E\x94:3\x8d\x96263\
.t\xde\xfb~\xdc\x16\xf2\xdah\x13\xf6\x83\x03\x97s\
\xe1\xb9\xe7\x9c\xdf=\x82?\xd2\x80n\xa0\x9a\xf2\x9a\x01\
\xbenM\x8a\x92s\xf4\xd2\x95\xebo\x04\xa2\xc2\xb6%\
\x87\xa2]\xd8\x124\x1d\x0a\xb9<\xb7\xaf^N&g\
\xbf\x9d\x00>\xfe\x0b\x10\x1by69\xee\xd8\x0e\xd2*\
\x12\x1b\xe8CZ\xa0\xeb\x90N-\xf1\xf6\xe9\x08\x8b\x0b\
\xf3_n\xde\xb8\x16\x07\xe6J\xcb\xf6\xa5l)\xb1\xed\
\xf5\xb0,6\xc2\xb1%\x99\xefi\x8e\xf6t\xefom\
k\xbb\x0f\xd4\x95\x03\x94\x95\xe7A\xdd\xee=D\xfbN\
\xb2\xa6W1t\xe6\xc2a\xa0\xc3\xbf7\xb6\x03(\x05\
\xbaa\xd0\xd3{\x9c@%h\xfa\x0e\x00\xf5\xdf\x00_\
R\x82\x10`\xdbrS\xbe\x14P4L\x13\x84\xc0s\
]\x02\x95\x9b'\x0c\x10\x08\x80a\x98\x00\xc5\xad\x80\x96\
\xdap\xe4\xfc\xd8\xe8C<\xd7C\xe1\x91\x9c\xfd\x04J\
G\xd3\xd6\xc7\xe4\xba.B\xb8\xa4\x93Ij\xc3\x91s\
\xcb\xd9\xc5\x0c\x90\xf6\x1f\xe9\xbfu\xf7\xd1X\xe7\x91(\
J\x09^\xbf\x18\xe7\xe7|\x06\xd34\xd1\x0d\x83\x95B\
\x1e[ZD{z9\xd8\xd5\xc1\xd4\xc4\x14\x17\x87O\
\xf7\x03\xcf}\x17\xdc`(LK{\x13\x0d\xcd\x8d\x14\
WW\x89\xd47\x12\x08T2\xf12A\xe1\xd72\xba\
\xa6\xd3\xd1\x19\xa5\xb9\xb5\x89`(\x0c\xe0\x96\xb6\xa0\xe5\
sY\xe6S\x19~,d\xa9\x09\x86\xc8-g\x89\xd4\
7\x10\x8b\x9f\xa2jg\x0d\xa1]a\xa4U$5\x93\
!\x9f\xcbn|B\xbf\x85\xf6\xea\x9a\xd0h|\xe8\xec\
\x01\xa5\xd6\x1dj\xda\xbb\x0f\xd7Qh\x9a\x86R\x0a\xcf\
\xf3\x00\x87\x85\xd4\x1c\x89\x07w>\xaf\x14r\x03@\xb2\
t\xd0\xf1{\x89\xe9\xc7\x8ecc\x15\xd7\x88\x0d\x1eC\
Z\x7f\xbb\xf0*\xf1\x9e\xe1\xc1\xee\x01\xe0\xc9V\x1b\x97\
>L\x8cK!D\x85#%\xa6f\xe1\xd8\x9b\x01\xa6\
\x09\xd3\x93S\x12X*\xb7L\xdb\xad\xb3\xaf\x15\xe0\x1d\
\xe0\x01\xfc\x06\x97\x1d\xdd\xd1\xbe\xbd\xa8|\x00\x00\x00\x00\
IEND\xaeB`\x82\
\x00\x00\x02\xc9\
\x89\
PNG\x0d\x0a\x1a\x0a\x00\x00\x00\x0dIHDR\x00\
\x00\x00\x10\x00\x00\x00\x10\x08\x06\x00\x00\x00\x1f\xf3\xffa\
\x00\x00\x02\x90IDATx\xdau\x93O\x88\x95U\
\x18\xc6\x7f\xef\xfb\x9d\xef\xdf\xbd\xa3\x0c\xcd\x9d\x19\x9b\xd1\
4\x99\x08+\xccV\x82\x88\x9b\xb4\x92\x5cHAk\x05\
\xf7R\xeb\xc4\xa2h\xa5\x9b\x96\x81\x10Q` \x82\xb9\
\x11\x5c\x88\xb8pQ\x10\x0c\xb9\x11a\x82\xa9;\xd3u\
\xe0\x8e\xd7\x99{\xbf\xbf\xe7m\xf1\xddn\x04\xd3\x03\x07\
\xceY<\xcfy\x9e\xe7\xbcG~_-\xb6\x04R\xe3\
_\x98A\xafWS\x94\xc6l'\xf2\xad\xd4\x7f\xf9\xd2\
\xde\xe8sv\x80\x02-DT\xc6KE4\xd0f\x0f\
\xa2U\xed\x9d\x0b\x83K+\x7f\x14\x9f\xfc\x9f\x80\x01\x04\
\xd2\x1c*\x83~\xe9\x91\x89\x1b\xc3\x8c \x0e\x83+\xab\
\xdd\xe2c3\x13\x03\xb5\x93\x07_\xb1\xfd\xfb\x13eL\
Z\xcf=\x1e\xf8\xb6\xbb\xcd\x83~A\xa8\x10\xa9 5\
T\x99'\xcf\x90<\xd7\xab\xbf\xf59\xcc\xdb3\x97)\
\xb2e\x92\xcd[N\x81\xcc\x8c\xef\xbaC\x0ao\xcc\xc7\
\xca\xfb\xb3\x09\x8f\xbb%\xcb\x9b%\xf2\xacqr\xa8\x1d\
2\x9bDR\xf6\xb2N\xff\xb5\x13\xefj\x1d&\xd5\xc2\
\xd6;\xce\x03S\x81\xf2\xd1\x9e\x94_\x06\x05g\xe7R\
Z*\xf4\x0a\xcf\xbd\xcd\x9c@\xc0\x03sQ\xc0\x5c\xec\
\xc1\xb0\xe5\xf3_W\x88\xf0|k\xe0\x1d@m\xc6R\
\xcb\xf1j\xdb\xd1\xcdk\x9e\xe4\x9e\xd7\xdb\x8e\xcf\x0e\xec\
\x06\x01\x01\xaaqT\x80\xc5\xfc\x06R*\xa3\x8d!N\
\x80\xcc\x1b\xbf\x0eJ\xf6\xa5\x01\xdf\xacnsl:b\
V\x1c^\x98\x084U7RK\xf9\x15x\x1e\xc2Z\
\x89\x03p\x22<|V\xf0\xfdZ\xc5\xe9N\xc2{\x9d\
\x84\xfb+\x19\xb7\xff\xca\x08\xa4\xe1\x9e\x9eI9\xd8\x0a\
\xf0\x80'B%\xc2\xab\xe2\x0c\x88\x14\xce-\xb4X\x19\
U\xbc\xb5;\xc2\x1b\xc4*\xccG\x8a\x8a`\x18\xb1\xb0\
#\x1c\x807\x98\x0e\x95\xa3Q\xc4\xcf\x83\x92\x8d\xc2\xf3\
F\x12\xb08\xd7B\xc6\xc4\xc2\xa0\xb6\x1d\x06I\x81\xed\
\xda\xb8\xbe6\xe4~?\xe7\xfa\xda\x90N\xa8\xf8q7\
\x997ro\xd8\x7ff\x9d&\x98!\xce\x80\xa9\xa0\xb9\
\xe6\xc7\xf5\x11\x17\xf6\xb692\x15r\xbb7\xe2\xda\xea\
6N\x05o\xc6\xf9\x17\xdb\x1c\xde\x15\x90\xe1L\x97\xbe\
\xf2l=E\x83G\xe6l\xdc\xed\x07\xf3)'gb\
^\x08\x95am\xbc\x9c8.,\xb4\xd1q\x84\xc5\xd8\
Q\x03%\xc9\xa8N\xdf\xbc\x99\xfb?\x8fK\xb4\xf1\x93\
\x03\xe4\x1f\x91\xe9P\xa9\xaci}*\x10\x0e\xb5\xc2I\
\x07u\xe3\x98X\xcb\xf8\xcc\xc5\xbb\xd7\xd65\xf9p\x97\
\x8f\xbep\xc0\x10\xb3\xd4O\xde\xba\xf9\xce\xde\x8c\xd2\xdb\
D@D0\xea\xda\xca\xba\xbc\xf3\xc3\xc5\x01\x5c=\x05\
\x9f\x8e\xfe\x06+\xbe\x1f\x7f\x17\x0f\x9e\xd9\x00\x00\x00\x00\
IEND\xaeB`\x82\
\x00\x00\x00\xc6\
\x89\
PNG\x0d\x0a\x1a\x0a\x00\x00\x00\x0dIHDR\x00\
\x00\x00\x10\x00\x00\x00\x10\x08\x06\x00\x00\x00\x1f\xf3\xffa\
\x00\x00\x00\x8dIDATx\xda\xd5\xd0\xa1\x0d\xc2\x00\
\x14\x84\xe1\xaf\x98\x02\x16H\x98\x80\x15\x10\x8cA\xd2\x10\
\x08\x82\x91\x98\x01\xdd1X\x81\x19 \x80\xa8l\x0d\x98\
\xd7\xa4\xae-\x8a\x9e\xb9\x97\xcb\x13\xf7\x1f\x83W\xd2\xb8\
\xd7\xd8\xb6\xfc?qFU\x07\xa3A\xe1\x8e\xb1C\xda\
g\x83&\xf3\x12Wlp\xef\xb3\xc1\xa7q\x97\xbfT\
O\xa3\xe9\x02\xb7\xf0\xa4F\xe9\xd2\xe0\x80<6\xa8\xc2\
s\xec\xdb6\xa8\xf9'\xb8`\x8e\x19\xdex\xe1\x88\xa2\
K\x83\x02\x19\x1eX\x85g\x91\xf7\xd2\x14\xa7\xf0?\xd2\
\x17(\x85\x19\x8f\x80\xf4\xb5\x0a\x00\x00\x00\x00IEN\
D\xaeB`\x82\
\x00\x00\x00\xa4\
<\
\xb8d\x18\xca\xef\x9c\x95\xcd!\x1c\xbf`\xa1\xbd\xdd\xa7\
\x00\x00\x00\x02ru\x96\x00\x00\x00v\x00\x00\x00\x12\x00\
q\x00t\x00b\x00a\x00s\x00e\x00_\x00r\x00\
u\x00\x00\x00\x16\x00q\x00t\x00s\x00c\x00r\x00\
i\x00p\x00t\x00_\x00r\x00u\x00\x00\x00\x1e\x00\
q\x00t\x00m\x00u\x00l\x00t\x00i\x00m\x00\
e\x00d\x00i\x00a\x00_\x00r\x00u\x00\x00\x00\
 \x00q\x00t\x00x\x00m\x00l\x00p\x00a\x00\
t\x00t\x00e\x00r\x00n\x00s\x00_\x00r\x00\
u\x88\x00\x00\x00\x0d\x11\x01\xfd)\x0b\xff\x14\x02\x04\xfd\
,\x0a\x13\
\x00\x00\x02i\
\x89\
PNG\x0d\x0a\x1a\x0a\x00\x00\x00\x0dIHDR\x00\
\x00\x00\x10\x00\x00\x00\x10\x08\x06\x00\x00\x00\x1f\xf3\xffa\
\x00\x00\x020IDATx\xda\x8d\x93\xcdN\x13q\
\x14\xc5\xcf\x7ffZ\x86\xd6ja,E\xb0v:N\
\x82&\xd8\x90\x10\x91\x85\x86\xc4(&\xb2\xe8V\x13\x12\
\x5c\xb8\xd0\xc83\xb8\xf7\x09\xd8\xb8p%\x1a}\x00\x93\
b\x0cA\x09Q\x83\xb1\x89M1R\xa6\x03DJm\
\xb1\x95i\xe6\xa33\xd7\x85iRL)\xfcv\xf7\xe4\
\xdc\xb387\x178\x08\xd7:\xc8\x01y2\x11L\xdc\
D\x07\x0e.\x88r,\x11LL7g\x02qD\xc4\
\xb5\x04\xdeR\x82\xca\xf0\xa1\x01\x9a\xa9m\x02^\x9fz\
2v\x1e\x00\x0a\xf5\xb1\xb4V\xd7\x16\x00@=\xa1F\
\x00\x5c\xb1\x0d{\xbdu\x87\x01@\xbc+.\xc3\xc2N\
\x01\x05s\x02\x13\xc2\x22\xf6\xfd\x11\x94\xaf\x8d&\xe9j\
w\x00\xc8d\xd9\xfb\xf5\x9a\xb5\x94\x84\xc72(\x1a*\
\xd4.O\xf4\xa2y3\xaf3\x00P\x82\xe7\xae\x13\xd8\
$\xb9lN3\x85\x9d\xd4e\xfb\xd9\xa3\xfb\xee\x9d\xf8\
 !\xbd\xc8\xc3u\x08\xcb\x9f\xd8\xfc\xcb\x0f\xa1{\xb2\
X?C<=\xe4A\xe9\xbc\xa1\xbf\xe5\x01`\xcf\xa9\
n\x9c\x0a\x84?\x8b\xa2XO\xca\xd6\xe3\xb9'\x8d\x07\
\xa3\xe3.\xc2\xdd\x04I\xf2P\xae0\x0cD\xd9%X\
\x8eo\xcf\xf0\xa5]\xe6.k\x7f\xf4\xec\x81\x0e\x0a\xd5\
\xc2\xef\xb5\xb2\xc9O\xddpg\xe4!\x170\x00\x9e\x03\
T\x850}\xb7\x01A \x0c)\xde\xcc\x8f\x8a\xc7\xf4\
\xaa\xbe\xd7\xb6D\x80\xeb\x8b\x0fR/\xbc\x16\xa9\xf1\xaf\
\xa9\xe4\xb0\x0bQ\x84\xe4\x07\xfa\x0e\xbd\x02\xe0\xab\xfc,\
\xb1\xda\xff*l`l\xdcCD\xa2\xaa\x0d\x7f\xa5C\
\xc0\xf7_o\xde\xf1\xafK\x9b\x1c \xb4\xc8\x02P\xda\
\xe6\xb0\xb0\xc4\xbf\x02ret\xe6\x824\x9b\x8a\xad\x98\
\x99~\xa2l\x94(\x1b%3\xd3O\xb3\xa9\xd8\x0ap\
\xb6\x17\xc7!\x04\xe5\xf6\xea\xfc\x00\xd1V\x94h+J\
_^\x0cP\x08\xcaT;\xaf\xd0N\xb4\xd1\xc8=}\
Nk\x17W\x99\x0f\x00r9rlp\xb9c\x07D\
\xba<\xee\xe37\xa5\xf8u=\xe8\x03\x00\xcb4\x1a\xa7\
\xfd\x1a\xb7m\x1f\xf1LM\xfc\x82S\x03\xacMFu\
0\xaa\x03\xb0t\xbf\xcf\xa9\x1d\xf9\x8dM\xf2Fq\xd7\
\xb1\x1c\xabG\x0a\x8f\xf4H\xe1\x91\x86e\xdb\x1b\xc6n\
\xb1\x9d\xf7/\xf6\xf1\xeb\x893\x82%\xf4\x00\x00\x00\x00\
IEND\xaeB`\x82\
\x00\x00\x01?\
\x89\
PNG\x0d\x0a\x1a\x0a\x00\x00\x00\x0dIHDR\x00\
\x00\x00\x10\x00\x00\x00\x10\x08\x06\x00\x00\x00\x1f\xf3\xffa\
\x00\x00\x01\x06IDATx\xda\x9d\xd3\xbd/DQ\
\x10\x05\xf0\xdf\xda/!\x1aV4*\x22\xa2\xd5J(\
tZ\xa5\x7f@\xa3\x11\xbdZ\xc7\x9f\xa0\xa3T\x88~\
\x1b\x05*Y\xadP\x09\xf1\x91\x08A\xd8\xd5\x8c\xe4\xe5\
y\xb9yLrss's\xce\xcc\x9c\x9c\xcb\xef\xd8\
\xc1=N0\xa6d\x0ca\x0e\x07\xb8\xc6\x0c\xf6q\x86\
U\x0c\xa7\xc0k\xb8\xc4\x0bN1\x1b\xf9\x16\xb6\xd1\xc5\
\x0dv1\x90\x07W\xf0\x81z\xbc\xaf\xd0F\x13\x9f\x18\
\xc7|\xa6~\x09Gy\x92\xde\x1f\xceJ\x1e\x5c+\xa1\
O;V\x84N\xd1\x0a\xbd\x04x\x13{\x98\x8e\xda:\
\xaa\x99\xc9;\xa9\x15\x1e0\x81\xf3D\xcd]_\xa2\xfb\
[\x88\x99\xf2B+EP\x89\xfb+%P\x19\x11\xfb\
\xf0\x1c~y\x8c\xdc\x14\xb6P-C\xd0C?\x96\xf1\
\x1a\xb9\xd1 V\x0b#5\x0a\x80\xd5\xcc*\xef8\xc4\
S\xe4&\xb1\xf03\xc1\x06\xd61\x98#\xb8\x0d\x1b\x8b\
\x06\x8bE\x13T2\x9f\xa9\x99#\xe8\xc6\x84\x17\x18\xf1\
\xcfh\x84\xf7\x8b<\xd0\xc5\xf17'\x0aK\xd9\x0bu\
\xfb\x7f\x00\x00\x00\x00IEND\xaeB`\x82\
\x00\x00\x04\x8f\
\x89\
PNG\x0d\x0a\x1a\x0a\x00\x00\x00\x0dIHDR\x00\
\x00\x00\x10\x00\x00\x00\x10\x08\x03\x00\x00\x00(-\x0fS\
\x00\x00\x03\x00PLTE\xff\xff\xff\x00\x00\x00\x00\x00\
\x00\x00\x00\x00\x00\x00\x00\x00\x00\x00\x00\x00\x00\x00\x00\x00\
\x00\x00\x00\x00\x00\x00\x00\x00\x00\x00\x00\x00\x00\x00\x00\x00\
\x00\x00\x00\x00\x00\x00\x00\x00\x00\x00\x00\x00\x00\x00\x00\x00\
\x00\x00\x00\x00\x00\x00\x00\x00\x00\x00\x00\x00\x00\x00\x00\x00\
\x00\x00\x00\x00\x00\x00\x00\x00\x00\x00\x00\x00\x00\x00\x00\x00\
\x00\x00\x00\x00\x00\x00\x00\x00\x00\x00\x00\x00\x00\x00\x00\x00\
\x00\x00\x00\x00\x00\x00\x00\x00\x00\x00\x00\x00\x00\x00\x00\x00\
\x00\x00\x00\x00\x00\x00\x00\x00\x00\x00\x00\x00\x00\x00\x00\x00\
\x00\x00\x00\x00\x00\x00\x00\x00\x00\x00\x00\x00\x00\x00\x00\x00\
\x00\x00\x00\x00\x00\x00\x00\x00\x00\x00\x00\x00\x00\x00\x00\x00\
\x00\x00\x00\x00\x00\x00\x00\x00\x00\x00\x00\x00\x00\x00\x00\x00\
\x00\x00\x00\x00\x00\x00\x00\x00\x00\x00\x00\x00\x00\x00\x00\x00\
\x00\x00\x00\x00\x00\x00\x00\x00\x00\x00\x00\x00\x00\x00\x00\x00\
\x00\x00\x00\x00\x00\x00\x00\x00\x00\x00\x00\x00\x00\x00\x00\x00\
\x00\x00\x00\x00\x00\x00\x00\x00\x00\x00\x00\x00\x00\x00\x00\x00\
\x00\x00\x00\x00\x00\x00\x00\x00\x00\x00\x00\x00\x00\x00\x00\x00\
\x00\x00\x00\x00\x00\x00\x00\x00\x00\x00\x00\x00\x00\x00\x00\x00\
\x00\x00\x00\x00\x00\x00\x00\x00\x00\x00\x00\x00\x00\x00\x00\x00\
\x00\x00\x00\x00\x00\x00\x00\x00\x00\x00\x00\x00\x00\x00\x00\x00\
\x00\x00\x00\x00\x00\x00\x00\x00\x00\x00\x00\x00\x00\x00\x00\x00\
\x00\x00\x00\x00\x00\x00\x00\x00\x00\x00\x00\x00\x00\x00\x00\x00\
\x00\x00\x00\x00\x00\x00\x00\x00\x00\x00\x00\x00\x00\x00\x00\x00\
\x00\x00\x00\x00\x00\x00\x00\x00\x00\x00\x00\x00\x00\x00\x00\x00\
\x00\x00\x00\x00\x00\x00\x00\x00\x00\x00\x00\x00\x00\x00\x00\x00\
\x00\x00\x00\x00\x00\x00\x00\x00\x00\x00\x00\x00\x00\x00\x00\x00\
\x00\x00\x00\x00\x00\x00\x00\x00\x00\x00\x00\x00\x00\x00\x00\x00\
\x00\x00\x00\x00\x00\x00\x00\x00\x00\x00\x00\x00\x00\x00\x00\x00\
\x00\x00\x00\x00\x00\x00\x00\x00\x00\x00\x00\x00\x00\x00\x00\x00\
\x00\x00\x00\x00\x00\x00\x00\x00\x00\x00\x00\x00\x00\x00\x00\x00\
\x00\x00\x00\x00\x00\x00\x00\x00\x00\x00\x00\x00\x00\x00\x00\x00\
\x00\x00\x00\x00\x00\x00\x00\x00\x00\x00\x00\x00\x00\x00\x00\x00\
\x00\x00\x00\x00\x00\x00\x00\x00\x00\x00\x00\x00\x00\x00\x00\x00\
\x00\x00\x00\x00\x00\x00\x00\x00\x00\x00\x00\x00\x00\x00\x00\x00\
\x00\x00\x00\x00\x00\x00\x00\x00\x00\x00\x00\x00\x00\x00\x00\x00\
\x00\x00\x00\x00\x00\x00\x00\x00\x00\x00\x00\x00\x00\x00\x00\x00\
\x00\x00\x00\x00\x00\x00\x00\x00\x00\x00\x00\x00\x00\x00\x00\x00\
\x00\x00\x00\x00\x00\x00\x00\x00\x00\x00\x00\x00\x00\x00\x00\x00\
\x00\x00\x00\x00\x00\x00\x00\x00\x00\x00\x00\x00\x00\x00\x00\x00\
\x00\x00\x00\x00\x00\x00\x00\x00\x00\x00\x00\x00\x00\x00\x00\x00\
\x00\x00\x00\x00\x00\x00\x00\x00\x00\x00\x00\x00\x00\x00\x00\x00\
\x00\x00\x00\x00\x00\x00\x00\x00\x00\x00\x00\x00\x00\x00\x00\x00\
\x00\x00\x00\x00\x00\x00\x00\x00\x00\x00\x00\x00\x00\x00\x00\x00\
\x00\x00\x00\x00\x00\x00\x00\x00\x00\x00\x00\x00\x00\x00\x00\x00\
\x00\x00\x00\x00\x00\x00\x00\x00\x00\x00\x00\x00\x00\x00\x00\x00\
\x00\x00\x00\x00\x00\x00\x00\x00\x00\x00\x00\x00\x00\x00\x00\x00\
\x00\x00\x00\x00\x00\x00\x00\x00\x00\x00\x00\x00\x00\x00\x00\x00\
\x00\x00\x00\x00\x00\x00\x00\x00\x00\x00\x00\x00\x00\x00\x00\x00\
\x00\x00\x00\x00\x00\x00\x00\x00\x0b#\xb7\xe1\x00\x00\x00\xff\
tRNS\x00\x01\x02\x03\x04\x05\x06\x07\x08\x09\x0a\x0b\
\x0c\x0d\x0e\x0f\x10\x11\x12\x13\x14\x15\x16\x17\x18\x19\x1a\x1b\
\x1c\x1d\x1e\x1f !\x22#$%&'()*+\
,-./0123456789:;\
<=>?@ABCDEFGHIJK\
LMNOPQRSTUVWXYZ[\
\x5c]^_`abcdefghijk\
lmnopqrstuvwxyz{\
|}~\x7f\x80\x81\x82\x83\x84\x85\x86\x87\x88\x89\x8a\x8b\
\x8c\x8d\x8e\x8f\x90\x91\x92\x93\x94\x95\x96\x97\x98\x99\x9a\x9b\
\x9c\x9d\x9e\x9f\xa0\xa1\xa2\xa3\xa4\xa5\xa6\xa7\xa8\xa9\xaa\xab\
\xac\xad\xae\xaf\xb0\xb1\xb2\xb3\xb4\xb5\xb6\xb7\xb8\xb9\xba\xbb\
\xbc\xbd\xbe\xbf\xc0\xc1\xc2\xc3\xc4\xc5\xc6\xc7\xc8\xc9\xca\xcb\
\xcc\xcd\xce\xcf\xd0\xd1\xd2\xd3\xd4\xd5\xd6\xd7\xd8\xd9\xda\xdb\
\xdc\xdd\xde\xdf\xe0\xe1\xe2\xe3\xe4\xe5\xe6\xe7\xe8\xe9\xea\xeb\
\xec\xed\xee\xef\xf0\xf1\xf2\xf3\xf4\xf5\xf6\xf7\xf8\xf9\xfa\xfb\
\xfc\xfd\xfe\xeb\x08\xd95\x00\x00\x00?IDATx\
\xdac`\x00\x81\xff`\xc0\x00\x03\xff\xe1\x80\x01,\xfa\
\x1f\x05@\xf8H*\xc1\x14\xb2Vt>\x16\x01\xc2\x00\
E!\xd4\x0cd\x01=\x06t\x05\xc8\x02@\xc6cL\
\x873\xc0\x8d\xc1\xe2_0\x13\x00\xa1\xf8\x84\x8ef\xdb\
\xf9\x9e\x00\x00\x00\x00IEND\xaeB`\x82\
\x00\x00\x015\
\x89\
PNG\x0d\x0a\x1a\x0a\x00\x00\x00\x0dIHDR\x00\
\x00\x00\x10\x00\x00\x00\x10\x08\x06\x00\x00\x00\x1f\xf3\xffa\
\x00\x00\x00\xfcIDATx\xda\xad\xd2\xcf*\x04P\
\x14\x06\xf0\xdf\x0c\xa2\x0c\xc9\x9f\x8d\xad,D\xb2\xb2\xb2\
\x9c\xd8\xd8\x8d\x1d\x1bo\xa0d\xad\x94\xf2\x02v\x1e@\
<\xc1\xa4d\xc5\x8af\xa5(,,\xec\xa6D\xfe\xc5\
\xb0\xb9\x8b\xdb4\xf7N\xe2\xd4Y\x9c\xef\xf6}\xe7\x9c\
\xef\x5c\xfe\x18\x1d\x99\xb7!|\xa2\x11a\x85\x807\xf0\
\x95\x13\x98\xc5\x19zp\x12\xe1\xbd\xa8\xe1\x0a\xd7\xb9\xc9\
vC\x97\x1b\x94\x026\x87*\xbeq\x81\x0d(\xb6 \
\x0fb\x09[\xe8\xc7\xc2o}YE\x1d}\xd8\x0f]\
\xe3\x15\xee\xb0\x98\x22\x17p\x8a\xbdP\xcf\xe3\x0dcM\
&v\xa7\x04\xa6\xf1\x82\x99\x08\xbb\xc4f\x8a\xd0\xd9T\
\xaf\xe0\x15S\x98\x08\x86\xddc\x19;x\xcf\xed^\xc2\
-\x1e\xf1\x14e=\xdc\xbc\xdc\xce\xbcJ Lb8\
\xca\x11\x1c\xe1\xa0\x9d@\x15\x87\x19\xf1g\x8c\xa6\xc8\xe3\
\xf8\x08\xae\xa7\xd6{\xc0zJ`\x0d\xe7\xb9\xf3`\x1b\
\xc7-\x8c\x07\x03\xe1\xe3\xe4\xa2+\xf8Q\xf4\x9f\xf1\x03\
\x0f\xab0\xab\xab\xf7\x09\x01\x00\x00\x00\x00IEND\
\xaeB`\x82\
\x00\x00\x12\x19\
\x00\
\x00\x94\xbex\x9c\xed]\x0dx\x5cE\xb9>ii\xf6\
l\x9a6\xa5@\xd3='\x98\x14\xffPQPPD\
\xd1V\xfcA\x9a\xec\xa6\x05*>x\xf1\x96\xbfzE\
\xafT\xbc\x0f\x16(O\xb7-\x7f^\x94\xda\xdd\xa4i\
\xb2\xbb\x8dX\xaaX\x7f\xb8X\xe0\x92\xecn\x12iA\
\x91r\xaf\x8f\x0f\x02\x22>\xa4T.R\x84.\xb4\xa5\
iIw\xfd\xde93\xe7L\xce\x9e\xcdn\x92\xb3\xbb\
i\xef\xbe<\xd3\x9d\xcc\x9c\x99\xf9\xe6\x9bo\xbe\xf9\xe6\
\x9b9\x07E\xa9\xa2\xff\x96.U\xe8\xdf&\xe5\xde6\
E\x99\xa3(\xca\xa9\x14(I\x19P\x8ct\x86\x1f*\
\xca\xdeiF\xa8\xa0\x82\x0a*\xa8\xa0\x82\x0a*\xa8\xa0\
\x82\x0a*\xa8\xa0\x82\x5c\x08\x06\x95)\xb1^\xdfY\x91\
\x84\xfe\x9dhB\xfb)\x85\xdfP\xe8\x8b&\xb5\xaeH\
R\xbf)\xd2\xd7\xb0p\xc3\xf6w\x1c_n:\x8f%\
l\xdd\xaaL%\xfe\xfa#\x09-J\xbc\xfe;\x85\x0c\
\x85\xff\x8e&}\x97\xc5zO\xd6\xcaM_\xa9\x11n\
\xad\xfe`\xa8E\xfdj[@]\x16\x0ex\x02w\x9d\
?s\xb6\xfd\x99P\x8b\xf7c\xa1V\xf5s\xa1f\xf5\
SNuP\xd9O#\xbf\xad\xd5{\xb6Y\xa6\xb5\xfa\
\xfd\xac\x0c\x85\xe0\x12\xa5\xba\xb3_;1\x9a\xf0\xdd@\
\xbc\xde\x05\x9eG\x1e\xf0e6\xb6\x9f\xf8F\xc7\xb53\
\xc3a\xbfze\xfb\xc2\xe9gd\xe0Z\xe1\xc0\xdc\x10\
\xe5AcV\x9b\xfe\xea\x0f\x88\xfc\xf5\xad\xdeO\x88x\
\xdbB\xcf{\x9ch\xec\x5c\xa6L\x13\xcfl\x08T\x7f\
\x88\xd1\xe8W\xe7\x8b4VO@\xfdL\xae\xf2n#\
t\x812\x93\xf8\xfd+\xea{\xc6\x16\x0e\x10]\xab\xd1\
\x7f\xf1l\xd8\xef\xb9\x8f\xe7\xbdM\xe5<r=\xe0\x8d\
T\xf6\x15\xb3~\xaaC\xa4wv\x9c\x18!\x9e\xefc\
\xb2\x1e\xd72\x1dk\x8f\xcf\x84\x17y\xd3\xd9m{\xfe\
'\xd42\xedt\xab]u\x0f\xcf{Ln\x13\xbc\x0c\
\x07\xd4\xdd<\xef\x08\x1b#\xbfz\x90\xfd\x1dP\xff\xbc\
u\x892\xd5\xde_\x8c\x97h'\x14\xf0\xfc\x80\xd5\x1f\
\xf0\xfc\xafC\xff\x11\x06C~\xcf\xd7d\x1e\xb8\x8dp\
\x8b\xfaS\x93\x1e\xbf\xfaj\xd8\xef\xfd\x03\xc5\xf7\x8b\xb4\
6\xbfw\xbdI{@]k>+\xf1\xc7\xe8\x83\xda\
!\xd3\xde\xb1\xb8v\x0e+\xb3\xc8\xfb%\x91\xb61|\
B\x86\xeb\x99\xe1\x8e\x153\x9f\x96\xf8\xbd\x97~\x07(\
\xfcU\xa6%tA\xedI\x06\xcf\xd4>\x83\x16\xf5M\
yn\x10\xad\x97Ju\xfc\xc2x\xd6\xf3}\x8bF\xf5\
+\xf6\xfe\x86\x02\xde\x0b\xad\xbe\xa9\x97\x19\xf5\xa8\x9bs\
\xf0_\x84\x9eN\xbfR\xe36\xef\x7f\x18\x98^\x0f\xb9\
\xe1\xfd\xdd.d\x1a\xfd\x86\xac\xf1\xb6\xd3\xed\xfe\x9a\x8f\
\x1ac\xe5\xbd\xc4\xa9o\x98C\xe0\x8d\x8d\xe6\xf3\xa2\xfd\
\x0d\xef\xea\xdaR\xff{sL\x82\xb3 \xf7\xbf\xa34\
\xc8\xe9\x01!\xeb\x9dK\x94:\xd4\x03\xde\xd28\xde,\
\xd5q\x13\xe7sH\xa4\xad[\xa46Y\xfcW\x9f0\
\x9f\x0d\xd4\x9c\xc5\xf8\xbfx\xc6\x09\xf4|\x8a\xa7\xff\x85\
\xe4\xe7\xbbr\xa0\xbcm\xa2\xcc\xfa\xe6\xea\xd3\x8c1C\
:\x1f\x93\x16\xef9F\xdd\xd5\xa7\xd2\xdf?\x91h\xb9\
\xd7m\xfe\xa3-I\xden\x1c\x91\xe7\xaf\xf9\x88\xd5\xb6\
7d\xa4Ys\x97\xc2\xedV=\x9eo\xd8ef\xc3\
u3\xb7\x90\x9c\x1f\x88\xf6j\xd01F\xdf\x96\xd6>\
\x9fUw@\x0d\xca\xedB\xce\xa4z6\xb3\xe7\xb1&\
Y\xb4|\x1biX\x83\xcc\xb4\x165.\xd7A\xb2\xb1\
2\x8f<#\x1c\x0c.P\x8ec\xcf\x07<\xcd&\xff\
\xa9-\xb9.J\xdb\x22\xe9\xabf\xd7\x98\xcf\xe8\x9cv\
\xbaD\xcf\x1a9\x0f\xb2h\xe8#\x96\xf78\xe3\x0d\xf4\
\xad_=\xc4\xf9\xb0M\xa2\xf1)\xfe\x9c)\x8f\x1bn\
\xa8\x13\xba&\xd3~E\xad\xd1\xc6\x85\xde=\xa3\xd1\x03\
=K\xb2\xb8\x5c\xe2\xebmH\xc7\xba*\xd1\x99&>\
|S^\xb3\xdaZ\xd4\xcf\xca\xf5\xdc\xf9\x05e:\xa5\
\xbf,\xe9\x99>\x8c\x11\x0b\x96n}B<\xdf\xb6P\
m\xb4\xcb\x9a\xc9\xa3\x0b\xbc\x0d\x94\xfe6\xcf\x7fp\xfc\
\xdc\xce\xc6]K\x14/\xd59,\xebO\x19B\xefR\
\xd8'\xf4.\xd1\xf7G\xde\xa7\x17\x18}d;\x08\xda\
\xdb\xafP\xbf\x12\xbe\xd8\xcbhm_Vk\xf2\x7f\xc3\
7k\xff&x't\x8d\x8c\xf6%J-\xe9\xe5\xef\
@_H|~]\xe8\x1a\x94AY\x9b\xfc\xa6\xf9\xbc\
\xfd\xbdS\xdfF\xceI\xef\xa5\x22\x1d\xf5\xf2\xb1\xed\x12\
iL\xef\xf9\xd57\xc4X\xd9\xebB\x1b\xbc\xae\xb7 \
\x83\xe3`uN\xc0N\xe0u?\x93\x95\xd7\xe2\x0dK\
\xfd\x9d\xc7\xe9\x17:1\xfd\xbd\x802\x83h\xfb\x19\xfb\
\xbb\xd5\xbb\x9bx\xfd|\xfb\xd7g\x18\xcf_T\x03]\
\xff<\x85\xfb\xc3\xad57\x99:\x97dy\x04\x9f\xfc\
\x9e\x16J\xff\xbb\x8d\xb7\xcf\x08}n\xd2\xe2Ww9\
\xeb\x11\xefEN\xfd\x82\xad\x1b\xb6\xd6\xf3\xa71\xb7`\
\x13X\xe5<\xd7\xd8\xea\x7f\x8c\x8f\xe7\xab\xf6\xbahL\
\xbaM\xfa\xf9\x9a\xe1\x16\xa4y\x9ceS\xc2\xf6\xb2\xe6\
\xb0\xa7\xc5HSo\xb4\xe6\xbdw1\xfd\x1eF|\xe3\
m\xb3\xdf\x84\xacw\xac\x9ce\xf1f\xd9\x8cS\x0d\xfa\
\x19\x8f\xb3\xf4+\xf6\x09\x96>3d\x99\xfaz\x15x\
\x97E\xa7\xdf\xfb\x00\x7f\xee\x88\xac\xe7`\x93\xe5\xea\x1b\
l\x04K\x97y/i\xf7{\xcf\x95h?gD\xfd\
4\x1fD\xde\xba\x0bk|r\x1e\xb5q\x83YN\xda\
\xdb\xb8\x81\xd1lJ\x99^\xea\xff\x0aF'\xed\xcd$\
\xf9{\x8e\xfd\x92\x0d\x1f\xdd\xe6c\xbaf\xe3\xba\xd9\x19\
\xab\x8f\x9e\x85(\x03=\xe2\xa4_\xdb\x02\x9e\x9f\x0b\x9e\
\xd2\xda\xde:\x1a\x9d46w\x98t\xd2\xdaK\xe3\xf4\
\xacT\xe7\x7f8\x95\x81\xccs{\x1a\xcf=E\xe3q\
\xb5h\x0fk\xc4\xc8\xfa=\xdf\xb2\xc6\xd4\xf3y9\x0f\
\xebP.\x1eM\x14m\x01\xef\x97\x9d\xf4$\xb0\xa1\xb9\
\xeex\x89\xd7\x9b\x8d4\xf5\x14\xbb\x0e\xe8\xb8\xdeZk\
\xbb6\xcf9b\xe6\x05\xbc\xd7\xa3\x0c\xf4\xab\xb0Oe\
\xfdJ\xeb\xe6\xa3\xfc\xd9=\xf6=\x0e\xf4\x01\xc9\xc6N\
\xe8@\xf6,\xd9\xeaR\xbdK\xf8\x9ai\xae+\x98\xab\
N\xfd\x93m\x1b\xa6\xd7\x0c\x1a\x9e\xb5?G\xe9\xe7I\
s\xe3:[\xde\xe3<o\xbf\xeb\xfa_\xda\xb7\x12]\
\xb7:\xd0e\xf4\x91\xf6\x88\xf8\x9b\xafU\xfbd\xfew\
\xdd3\xc7\xe4\x7f\xec\xfe9k\xc2b\xad\x0c\xa8wK\
\xf5\x88\xfd\x84i\x03\xc9\xeb\x0b\xe6\xa1\xb9\xff\xf0\xabK\
%=}\x17\xd2\xe0\x97\x90\xf4\xd4j\xa4q{\xf85\
K/\x8d\x94\x1f\xb3\x9d\x80\xfa\xc8\x08\x99\xa1=\xa7\xfd\
\x19\xbe\xe71e\x0d\xb2\xc7\xecCI/\xc9{Q\xb7\
\xc0\xd7\xa9\xc3\x5cG\xde\x9fE;\xed\xfdx\xfb\x07\xc5\
~\x9e\xe2\xbf\x134\xb5_5\xdd\xe4=|\x96\xf0\xab\
\x85\xcd\xb5\xd2\xf3\xa4Y\x8f\xd4\x0f\xec\xfb\x8c>3\xdb\
\xee%\xa9\xdf\x07lc\xbb\x7f}\x8b\xe7\xddx\xb6{\
\x81\xa2\x86\x85\x1dHk\x96\xa8\x97\xefa\xf8^\x8e\xfa\
A\xfa1\xab\x0f\x01\xef'e\xfec\xbf\xe5\xc4\x8bp\
\xb6\x1d \x87?\xc1\xde\x988\xc7\x1d\xdb\x15\xbe\x80\xe7\
\xedy\xf0\x91\x98ts\x9fT\xdbU\xb5;D\xda\xc6\
\x90\xe9S\x18\xbc;\xa1\x9f\xc0\xeb{\x90\xe7\xbfe\x8e\
Y\xc0s\xad5\xbf-{\xbd\xbd\xd5{2\xf7\x81\x1c\
\x1e\xd1_\xd8e\xc47\x1b\x9d\xcf\xf0\xfc\xe7\xe4t\xac\
3R\xf9\x83\xf6\xfd\x00{\xc6\xef\xfd\xb5Yw\xb3\xe7\
|'>\xd0\xbcJ8\xf0\xfdu\xf84\xb0\xc7\x1f\x0f\
o\x0b\x01dl}s\xcd\x99\xa1@\xcd\x87\xedy\x90\
U\xe4!`\xfc\xbb\x12\xfa{\x22\xf7\xcf=\xd0\xb5\xa5\
>\x83\x10\xed1\xd6\xddHR?\xcf\xec+\xe9fQ\
F\xec11\x9fE\x1a|\x04\xf6v\x90\x0f\xbeA\x0f\
\x87\x16y\xde\xe9\xe8;\xa3\xf1\xcfE\xa7\xe8\x03B{\
s\xf5\xfb\xb2\xcaR\x9b\x22\x1fs\xc9\x89\x0f\xb0O\xb1\
\xbe\x89\xe0Dg9\x11\xecW\x8e\x8b&|\x8fK\xfa\
F\x84^\xe8\x9dr\xd3w\xac#\x96\xd0\xafs\xe0}\
&\x92\xd0\xbeQn\xda\x8eu\xe0L\x8ax\xfd\xa6\x9d\
\xf7\xb1\x84\xb6-\x7f\xe9\x0a&\x8aX\x5c\xfb\x89\x93\xec\
\x13\xff\x93\xe5\xa6\xedXGg\x8fv*\xf1\xfa\x88\x03\
\xff\x0f`=.7}\xc7:r\xc9>\xee+\x94\x9b\
\xb6c\x1d\xdd\xbd\x0d\xef\xc6y\xa1\x03\xff\x0f\x91\xeeY\
\xd3\x19\xd7\xdeQn\x1a\x8fe\x10\x8f\xbf\xef$\xfb\x14\
\xd2d\xf7\xdcSn\xfa\x8eel\xdd\xfa\x81j\xe2\xff\
+9\xf8\xff\x8fM=\xda\xc9\xa5\xa4\xa7s\xe7\x99\xd3\
\x22\x89\x86\x0fmJh\x9fC \xbdx\xee=\x0f\xcd\
.\xda\xbe\xb4\xdc\x88\xc5}\x179\xf0\xfd\xb5H\xc2w\
wW\xaf~F)h\xc0\xda\x1f\x89kA\xdc\x85\xa3\
\xb6\xef\xc0^#\x1a\xd7\x9b\xc5\x18D\x93\xbeO\x87\x1e\
z\x97'\x7fMG\x1f\xa0_l\xbc\x1f\xda\x94\x98\xfb\
\xfe\x92\xb4\xdd\xd7\xb0\x90\xe6\xde\xa3\xb8\x1f\x87;[\x90\
\xfd\xeex\xc3\x07#q\xdf\x85\xb1\xb8\xfeU\x92\x81e\
F\xd0.\x89%\xb5/t\xf7\x9f4\xb7\x14t\x95\x0a\
\xec~ \xe9\x18\x1b\xff\xdb\x8b\xddn4\xd9\xf0\xb1h\
\x5c\xdbAm\xddGa5\x0f;)\x1c\xce\xa1\x07\xe5\
\xbd\xc8+4O\xb6`\xdevn\xd3\x5c\xbf\xafSJ\
t%\xb5Od\xf5\xaf\xd7wV\xfe\x92\xe3Cw\x7f\
\x93\x0aY\xa6\x10\x8f\xf5i\xef\xc5\xbd[G>\xc7\xb5\
\xbf\xf0\xf1\xd8I\xcf\xfe\x91~\x0f\xe6\x18\x8f\xd7HO\
\xad<Z\xd7\x07\xa2\xff\xfa,{'\xee\xcb\xf2+N\
\x14\x99\x8cR\x05\xfd\x02]\x82\xbb\xb7\x9b\x1e\x9a{\x12\
|\x1a#\xdaNj\x09\xe8\x1c\xe1\xdf\x96\x81y\x1a\x89\
\xeb\x1f\x87-L\xcf\xfe\x1av\xb1\xddN\x88&\xf4\x7f\
u\x9b\xeeb\x83\xe8\xbe\xd7\xee\xe3t\xbb\x8d\xae\xb8\xef\
|\xe2yc4\xe1\xfb\x1a\xf6\x19\xc6>[\xff\xab$\
\xeb=\x14\xb2|\xcd\xa3\x81\xf9\xa9\x92\xfa/\x1d\xe6\xc3\
\x03\x91\xc4\x9cz\xb7\xfbP,\x10\xbd\x7f\xb6\xf98\xa3\
\xae\xd6\x1f\xd7\xae\x00\xbfIW_\x8d\xb3_\x92\xffO\
1\x9da\xb4\xb7?\x96\xf0e\xdd\xdd,\x14\x98S\xc6\
\xddv\xfdV\xdb\xba\xf1B\xa9\xec\x87\x89\x00v\x7f\x96\
\xbf'\xees\xed\xee\x17d\x9al\xca\x15\x91~\xbd\x01\
\xfacS_\xc3\xd9Qq/:\xa1\xbd\x04\x1b\xdf\x8d\
v0\x0e\xd0MQ~\xd7\x9d\x87\xbd8+\x82=\xe5\
F\x1b\xc5\x00|\x0aYk/\xe9_\xb7\xea']}\
\xe5\xd6\xc7\x1a\xbc\xd09\xdc\xbf\xf1\x1a\xd7\xf3{6%\
\xeaOq\xab\x1d\x81\x8e\x9e\xfa9\xdc\xa62\xedhj\
k\x83\xdb\xed\xb8\x05f\x03\xda\xfc\x9c\xc5\x90\x17\xben\
>\xca\xdb8\x12\x897,(\xb4,\xd9K\xb3\xc6\xd2\
\x16\xf6h\xd4F\xb7<\x0f\xe4;/\x93\xe9\xfc\xae+\
\xa1\xb7\xd8l\xbe\x1dn\xb7\x01{\x93\xea\xbe\xc6j\xc7\
\xf7\x83|e\xa0ObI})\xec\x1c6n\xbd\xda\
'\xf3\x95\xb1C\xb6+h\xfc\xbf\xbe)\xa9}D\xe4\
M\x96=\x03\xd6\xae\x91\xf6\x9f\xfeK\xb7\xdb0\xf6w\
\xa6\xad\xb3\xb73~J\xd6\xbd\xdcb\x80\xd6\xf5\x1b\xa5\
\xbe\xa5(\xec\xc6\xb96\xf2\xc6:\xa7\x8a\x05\xbb\xfc\xc3\
\xdf\xe3v\x1b$\xef_\x94\xda\xb8\xc3\x8d:\xb1\x96`\
\x8e\x8c\xf6\x0c\xdfW\xbe=R\xbe|\xec=\x18\xcc\xc9\
\x1f\xf7\xd4O\x1f\xad|)\x00\xdf\x8bM\xffg\xdd\x17\
\x9b(H\xa7\xdd)\xea\x87_g\xa2\xf5\x19\xfbg\xdf\
\xb2B\xf6\xe88\xb3\xb3\xd9D\xcf\x8a\xb5`2\xec\x11\
\xec\xf2_\x8c3v\xc9\x1e\xc9\xba\xef=\xee:{\xea\
O\xc3;O\xf9\xe6\x00@{\x83\x9bG\xf4\xb1O\x0b\
`\x0c:\x1fn\xf4\xe5+[l\xc4\x92\xbe\xc5#\xf9\
\xaf;\xbe\xe30\x11P\xbd\xcf\xf1\xfa\xb3\xdew\x18/\
\xc0w\xe8r\xcc\x85|\xcfb\xef!\xefqH\xc6\x1e\
\xc6\x1a4\x19\xce\xf3h\xbd]b\xd3?/\xba\xde\x06\
\xc9=\xb7\xad\xeet\xbb\xee1\xd0\xb0S\xb6\xb1\xb1\xfe\
B\xffc\xffY.\x9a8]\x8bl\xfc?T\xc8\x9c\
\x1eS\x1b\xb4\xd7\xe2k\xbb\xe3\xbb\xdc\xc5\xc6\xdd\xc9\x06\
=\x8a\xf7\xed\xa5~2\x1f\xd4\xa4\xd0?s/\xb0\xef\
\x7f\xe1\xa3t\xb3\x0d\xaa\xf3O\xa8\x17>87\xeb\x15\
\xc8'/\xd0\xf5\xd1\xec\xf3\x8d\xfbH\xd7\x9e3Z\xb9\
R \xda\xab\x7f\xd6\xce\x7f\xb7|2\x02\x91\xa4>`\
\xd4\xab}\xcb\xcdzY\xddd\xc3\xc0\xa7\x9a\xef9\xac\
k\xb6~\x0e\xc7\xe2\xfa\x97\xdc\xa6g\xacp\xe4?\xd9\
\xa4\xae\xb6\x11\xd7.5\xd6=\xdf\xcf\xdd\xac\x17\x80\x1e\
\xc7\x99d^\x1a\x92Z\x22\xcb\xcf\x95\xd0;\xdd\xa6g\
\xac\x00\xed\xd9\xfe7\xdf\xd5n\xb6\xc1\xceM\x12\xda\xdf\
\xa8\xee}\xed\xfd'\xd5\xbaYw\xa1\xc0\xbb\x99\xf6~\
b/^\x88\xfdTL\xb0;\x06v\xba\xe2Z\xd8\xed\
vh\xdf\xb9\xd6\xf0\xc3h+\xdc\xae\xbb\xa0\xf6\x8d\xf3\
2[?\xf5\x1f\x97{\x0f\x86\xbd\x88\x83\x5c\xecr\xdb\
\x07\xca\xfc\xc2\xf8FAB{\xbd\x1c\xdf\xfc\xa1v\x1f\
\xb0\xf7\xb3X\xf6\xc0X\xc0}\xb5{\xb3u\xa3v\xa5\
\xdbm\xf1o^\xb1\xb3\xc6R\xfb\x80\xa3\x09\xfd\xa1,\
9\xa3\xb5\xaf\x944\xe4\x02\xd1\xf2#\x879\xf0\x22\xce\
M\x5co+\xae\xaf4\xea\xd77\x97j\x0c\xb8\xfd\xf9\
\x84\xc3:\xc7\xde\xa7w{\xbf3&\xdah\x0f\xef\xb4\
\x07(\x96\xae\x86^\xa3\xba\x7f\xcb\xda \x9bd<\xfa\
\x17\xfc\x82>+\xf4y\xe3\xdc\xdfnckO\x8a3\
\x80r\xfa\xa21\x07\xc1\x13\xc7\xbb\x9f\xb4o-\x86\x8f\
\x96\xaf\x05\x7f\x106\x08\xc6\xb9P\xbb\x88\x9d\xf1&}\
\x97\x8d\xe5;U8\x03\xce\x96/\xfd\x17\xd4.{\x0f\
\xbf3y\xf2;\xc7\xdb\x97\x89\x82h\xf92\xa31\xa1\
\xfd\xa7\xc3\x1cx\xa3+1\xf7\xa3\xc5h7\xb6\xe3\xc4\
\x19\xb4o\xda\x18\xb5\xfcbo\xb2{\x9f\xd8+\xf4\xd4\
\x9f\x86y\x81\xef F\x1fn\x98m\x9c\xd9\xfb\xae\x85\
\xdf,\x92\xd4.\x1f\xab\xbe@Y\xa7\xf9\x8d;\xc5\x18\
\xc7R\xddou\x82\xb0\x7f\xb9\x9f<]\xec\xbd\x80\x1d\
\xb1>\xfdt\xfe\xce\xc7~'\x1e\xf1\xf0*\xee\xc6\x8f\
\xd7_C\xfc\xefw\x92-\xe4\x81\xf7\xe5\xf6\xc1\x09d\
\xddE3\xc2A\xf9\xdc\xb4X\xc0Z\x0f\xff\x1c\xcei\
iO\xb8\x8a\xda\xbd\x83\xc25\x90\xfd\x89\xac\xd3\x5c\xd7\
\xd9\xdf)\xc1\xbd9\xf6\x8d1\x9c\xcd\xb9\xd7\x8b\x89\x81\
\xdf\xcdq\x92\xbf\x17\x8bqW\xa4\x14`\xf7\xd9\xeds\
:\xe9[\x8e\xb5\xb7\xbb\x7fnS!\xbe\xa3R\x02v\
\xa1\x83\xbc \x0c\x82\xder\xd37\x16\xb0\xf5\xc38w\
\x1f\xb9\xef\xe2k\x1a\xfcQ\xc5\xd8\xe7\x8c\x15\x98\xfb\xb8\
\x87,\xfe\x86L\xe4\x98\x07/L\x863\xa3B\x91\xc3\
\xa6@x]\x9c\x89F\xe2\xbe\x8er\xd3\x09\xc8\xefw\
\xb1;\x95\x09\xed\xe9\x1c\xb4\x0f\xbaq\x86^lp]\
\xea4\x8f\xed\xbahq\xb9i\x05\xec\xdf\xbc\x1ee\x0e\
0[Q\xec\x1d'#\xa0\xdbi\x0d\x7f&\x1f\xef)\
<5\x99\xee\xc2\xc9\xe0~\xa1\xc1Q\xe9\x9f\x04\xfeC\
;\x8c\xfb\xd5\xda\xaf\x0a\xe0=\xdei\xbe\xb8\xdc\xf4\x8e\
\x06\xb2\x07\xff%\xdf\x1c\xa6\xbe\xbe\x85\xfb\xea\xd8'\x94\
\xd3\x8f\x22\x80\xbb\x8d\x85\xf0\x1e\xfe\xb8\xc9@o>\xd0\
~3TP\x7fh=+\xf5;\xaa2\xf8\x9a\xf5\xbd\
\x82hMj{\x8e\x96w\xf8\xf0\x1e\x10\xd1\xbc\xbb0\
\x99\xd2v\x96\xc3>b>\xc4\x84\xdeY \x8do\xe3\
]\xd6R\xd38\x11\xf0or\xbc\x5c`\xff\x86\xb0.\
\xc4\x92\xfa\xbf\xc1\xb7W\xec9a\xec\xa1\xb4\xc7\x0a\xa4\
\x0dg\xbe\xd7\xe5\xafu\xf2\x81\x8f\xc1\xff\x15\xdaO\x1e\
^\x86\x8f\xad\x18\xe7]\xec}\xfd\xb8\xf6\xefQ\x87\xb3\
\xa3Qt\xfemn\xd3QJDz\xea\xe7\x15h\xd7\
\xd9\xc3>\xf4\xdd\x8d\xb3w\xf8\xea\xa3\xec]\x02\xe9\xdd\
\xbd\xc2l\x9d\x9b\xdd\xe0A\xb9\x01\x7f0\xf5\xe7\x91q\
\x8c\x01\xc2\xab\xd8\x93\xe2^8\xecV\xac-\xf9\xce\xd8\
0f\xb8'\xc5\xce.\xe3\xbe\x07\xa3\xb9\xdf\x01\xce\x15\
\x0e\x1d\x8d\xef\xa4\x8e\x06\xe6\xaf0|\xa5y\xdfS\x1f\
%\xa4\xb9\x0c\x1f\xe0sj{\xd4\xb8\xa3\xb0\x95\xdf\x15\
\xc1\x19\x19\xee\x8d;}\x0b\xaa\xd0\xb0\x0b\xdf\xed(7\
\xbf\x8a\x01\xf1}\x92\x5c\xdfk*c\x80o\xf9\x09|\
\x9b\xe0\xff\xcb\xff\xc7\x0a\xdf\x12\x88Z\xff_\xa9\xb2\x05\
\xcc\xa3H\x9f\xefL\xd8\x0a\xe5\xe6I\xa9\x01=\x8ds\
\xdch\xf6=\xd7b\x85\xc3\xfcNI_\x94}'G\
{\xb2\x98\xdf\xac8Z\x80s]\xfe=\x8d\xb1\xda\xaa\
\x85\x86\xbd\xd1\xa4\xef\xae\xa3\xc9\x0f^\x0e\x18\xeb\x83~\
1\xbf\xf7\x9au\xae,\x07\xf8\x90\xa2\xf0\xc9\x1b\xf7\xe3\
l2\xce~\xff!\xbe5S\xee\xfb\x9aG#\x8c\xb3\
}\xe6\x17\xc3\xbb\xef/Q8\xc2\xef\xbbtShg\
\xdf\xe4\xa0},d\x1a{\x0c\x9c7\xb3\xb3\xab\xb8v\
\x05\xec\x97\xc9\xea#>\xda\x00\xd9\x85\xaf\x06k\x05\xde\
\xbb\xc7;\xf0\xe2\x1e\x0f\xf6\x15\xf8~\xcfd\xfeVC\
\x05\x15TPA\x05\x15TPA\x05\x15TPA\x05\
\xe5E\xa6\xd4\x18\xf4Xq\xd1zj\xc5\xd0\x80\xb2}\
`e\xd3\xaaLf`\xee\xf2\x01\xe5\xca\xe0\xb9Mu\
,\xbe@\x99w\xcb\xb9MTf\x8d\xbaTQ\xe7\xdd\
\xa2\xcc\xa3\xf8\xed\xea\xd2)\x0d\xf3f*\xf3\xb6\xb3\xf8\
\xd4\xa1\xa6\x99\xca\xe5\x88\xdf\xb2\xa0j\xb0\xa9\xb1\xf6\xf2\
]\x99\xccooQ\xaa\x06\x967*\xdf\xa6\xf8v*\
\x16L5\x06\x97\xf3\xf8\xed\xa9:+>\xcb3\x90B\
|\x87\xf2\xe15\xb3\xd6\x0e\xa6\xa6R\xfc\x11\xe5\x8c\xe0\
\xac\xdf\x0c\x0eQ|\xf7#Sf\x0d||05D\
\xed\xee\x1e\xa8\x9e\x95Z\x91J\x0d\xcd'\xa2\x87\xa4\x8e\
\x0c\xd5Y\xf1T\xa3s|P\x8e\xcf\xb7\xe2\x03R\xfa\
\x80\x94\x1e\xa4\xf8\x10\xcf\x0b\x821\xbc\x8d\xd5`\x1co\
\x9b\xe8\x1bV\x94U\x22\x9eR\x94F\x11\x1f\x98\xca\x0b\
\xd0\xa3\xc1\xc6\xe1\xa9\x22\xae\xacJW!\x9a\xf6d\xd2\
\x8aQ3\x8bS\xe2 \x8fg\xd6fV\xa5\xceF\x9c\
j\xf0\x0c\xcd\x1f\xd6E\x9c\x9a\x9b\xce\xe3u\x99C\xc3\
^3\xfeFz\x1a\x8f7f\x862U\x8eqj\x8c\
\xd7\x8fx\x95\x15_e\xc5\xd3\xabV;\xc4\xeb\xa4\xb2\
\xebD\x9czt;g\x07\xe2\xdby\x1c\x15\xef\xc2\x0f\
u\x86u*\xb3\xcf\x88SgS\xf3w\x1bq\xaa`\
\x88x\xa8\xf0x\x9a\xd86\x05\x9d\x1fX\x05\x8e\xa4\xa7\
Xc\x91V\xac\xb1\x1b>\x0e\xff\x9e\xc1\xd8:\xcc\xd2\
\xff\x8b\x8d\xc3\x10\x8b?\xccX\x9cR\xac\x94\xc1*\xe3\
\xc9F3\x9ef\xf1\xe0T#^g\x8d$&\xa2\x91\
@\xd9D\xd6\x10\x1f\xc8\x01\xfa\x1dT\x0c\xa9\x18T\x94\
\xb4\x18\xec\x944y\x87\x10\xad2\xe2\x19\xc4\x85`\x06\
\x15!\x0f\xac\xf0T\x1eE\x01K^E\x8d\xac\xb5u\
\x99R\xe3\x9f\x1e<\xa5b\
\x00\x00\x10\xcf\
\x89\
PNG\x0d\x0a\x1a\x0a\x00\x00\x00\x0dIHDR\x00\
\x00\x02\x00\x00\x00\x02\x00\x08\x06\x00\x00\x00\xf4x\xd4\xfa\
\x00\x00\x00\x04sBIT\x08\x08\x08\x08|\x08d\x88\
\x00\x00\x00\x09pHYs\x00\x00\x0e\xc4\x00\x00\x0e\xc4\
\x01\x95+\x0e\x1b\x00\x00\x00\x19tEXtSof\
tware\x00www.inksca\
pe.org\x9b\xee<\x1a\x00\x00\x10LID\
ATx\x9c\xed\xdd\xbd\xab\xe5\xebY\xc7\xe1ob\x94\
H\x82\xa0\x85\x07\x0e\xf8\x82\x82G\x0cG0 x\x1a\
QTb#\xa4\x10Me\xa3\xf6\x9a\xbf\xc3hc\xab\
!\x85\xa0\x12\x14+\xc1\xc6h!\x89\x82/H<\x1a\
P4j4\xda$&\xca\xd1\x84\x8c\xc5\x9a\x9d\x99\xd9\
\xb3_\xd6\xfa\xad\xe7\xfd\xb9.\xb8\x9b\x03g\xcd\xda\xcd\
\xfe\xdd\xb3\xe6\xde\x9f\x9d\x00\x00\x00\x00\x00\x00\x00\x00\x00\
\x00\x00\x00\x00\x00\x00\x00\x00\x00\x00\x00\x00\x00\x00\x00\x00\
\x00\x00\x00\x00\x00\x00\x00\x00\x00\x00\x00\x00\x00\x00\x00\x00\
\x00\x00\x00\x00\x00\x00\x00\x00\x00\x00\x00\x00\x00\x00\x00\x00\
\x00\x00\x00\x00\x00\x00\x00\x00\x00\x00\x00\x00\x00\x00\x00\x00\
\x00\x00\x00\x00\x00\x00\x00\x00\x00\x00\x00\x00\x00\x00\x00\x00\
\x00\x00\x00\x00\x00\x00\x00\x00\x00\x00\x00\x00\x00\x00\x00\x00\
\x00\x00\x00\x00\x00\x00\x00\x00\x00\x00\x00\x00\x00\x00\x00\x00\
\x00\x00\x00\x00\x00\x00\x00\x00\x00\x00\x00\x00\x00\x00\x00\x00\
\x00\x00\x00\x00\x00\x00\x00\x00\x00\x00\x00\x00\x00\x00\x00\x00\
\x00\x00\x00\x00\x00\x00\x00\x00\x00\x00\x00\x00\x00\x00\x00\x00\
\x00\x00\x00\x00\x00\x00\x00\x00\x00\x00\x00\x00\x00\x00\x00\x00\
\x00\x00\x00\x00\x00\x00\x00\x00\x00\x00\x00\x00\x00\xc0e\xde\
\xd6\xfb\x0d\x00M\xbd\x96\xe4\xc7\x93|{\x92W\x9f\xfe\
\xb7\xcf$\xf9\xc7$\xbf\x9f\xe4S]\xde\x15\x00P\xdc\
\xdb\x93\xfc|\x92\xbfL\xf2\xe4\x91\xf9\x8b$?\xf7\xf4\
\xff\x01\x00&\xf5\xde$\x7f\x96\xc7\x1f\xfc\xb7\xe7\x13I\
\xbe\xaf\xc3\xfb\x05\x00\xae\xf4\xc3I\xbe\x90\xcb\x1f\xfe7\
\xf3\xdfI\xde\xd7\xfc]\x03\x00\x87\xfdD\x92\xb7r\xfc\
\xe1\x7f3o=}-\x00`p\xaf%\xf9|\xae\x7f\
\xf8\xdf\xcc\x17\x92\xbc\xa7\xe9W\x00\x00\x5c\xe4\xddI>\
\x99r\x0f\xff\x9b\xf9\xbb$\xdf\xd0\xf0\xeb\x00\x00.\xf0\
[)\xff\xf0\xbf\x99\xdf\x8d\x1f\x1d\x06\x80\xe1|0\xf5\
\x1e\xfe7\xf3\x8b\xcd\xbe\x1a\x00\xe0Qo$\xf9\xdf\xd4\
_\x00\xbe\x94\xe4\x07\x1b}M\x00\xc0\x03^I\xf2\xaf\
\xa9\xff\xf0\xbf\x99\x7f\xcf\xb3\x8a \x00\xd0\xc1;\x92\xfc\
Q\xda=\xfco\xe6O\x92|]\x83\xaf\x0f\x00\xb8\xc3\
/\xa7\xfd\xc3\xfff>\xd4\xe0\xeb\x03\x00ny\x7f\x92\
\xaf\xa4\xdf\x02\xf0$\xc9OU\xff*\x01\x80\xaf*\x1d\
\xfb9:\x22A\x00\xd0H\xad\xd8\xcf\xd1\x11\x09\x02\x80\
\x06j\xc6~\x8e\x8eH\x10\x00T\xd4\x22\xf6stD\
\x82\x00\xa0\x82V\xb1\x9f\xa3#\x12\x04\x00\x85\xb5\x8e\xfd\
\x1c\x1d\x91 \x00(\xa4W\xec\xe7\xe8\x88\x04\x01@\x01\
=c?GG$\x08\x00\xae0B\xec\xe7\xe8\x88\x04\
\x01\xc0\x01\xa3\xc4~\x8e\x8eH\x10\x00\x5ch\xb4\xd8\xcf\
\xd1\x11\x09\x02\x80\x0b\x8c\x18\xfb9:\x22A\x00p\x86\
\x91c?GG$\x08\x00\x1e0z\xec\xe7\xe8\x88\x04\
\x01\xc0=f\x89\xfd\x1c\x1d\x91 \x00\xb8e\xb6\xd8\xcf\
\xd1\x11\x09\x02\x80\xe7\xcc\x18\xfb9:\x22A\x00\x90\xb9\
c?GG$\x08\x80\xad\xcd\x1e\xfb9:\x22A\x00\
lk\x95\xd8\xcf\xd1\x11\x09\x02`K+\xc5~\x8e\x8e\
H\x10\x00[Y1\xf6stD\x82\x00\xd8\xc2\xaa\xb1\
\x9f\xa3#\x12\x04\xc0\xf2V\x8f\xfd\x1c\x1d\x91 \x00\x96\
\xb5K\xec\xe7\xe8\x88\x04\x01\xb0\xa4\x9db?GG$\
\x08\x80\xa5\xec\x18\xfb9:\x22A\x00,a\xd7\xd8\xcf\
\xd1\x11\x09\x02`z\xbb\xc7~\x8e\x8eH\x10\x00S\x13\
\xfb9>\x22A\x00LI\xec\xe7\xfa\x11\x09\x02`*\
b?eF$\x08\x80i\x88\xfd\x94\x1d\x91 \x00\x86\
'\xf6SgD\x82\xa0\xb0\xaf\xe9\xfd\x06`1\xbf\x94\
\xe4\x03\xbd\xdf\xc4\x82\xbe%\xc9\xbb\x92\xfcA\xef7\x02\
\x00\xb7\x89\xfd\xd4\x1f\x91 \x00\x86\x22\xf6\xd3fD\x82\
\x00\x18\x86\xd8O\xdb\x11\x09\x02`\x08b?\xedG$\
\x08\x80\xae\xc4~\xfa\x8dH\x10\x00]\x88\xfd\xf4\x1d\x91\
 \x00\x9a\x13\xfb\x19cD\x82\x00hF\xecg\xac\x11\
\x09\x82\x03\x84\x80\xe0rb?c\x11\x09\x02\xa0:\xb1\
\x9fqG$\x08\x80*\xc4~\xc6\x1e\x91 \x00\x8a\x13\
\xfb\x99cD\x82\x00(J\xecg\x9e\x11\x09\x02\xa0\x08\
\xb1\x9f\xf9F$\x08\x80\xab\x88\xfd\xcc9\x22A\xf0\x08\
\x1f\x93\xc1\xfd^I\xf2\xe7\x11\x9a\x99\xd5g\x93\xbc7\
\xc9gz\xbf\x11\x18\xd1\xdb{\xbf\x01\x18\xd4;\x92\xfc\
v<\xfcg\xf6J\x92\x8fF$\x08\xee$\x04\x04w\
\x13\xfbY\x83H\x10\x00g\x13\xfbYoD\x82\xe0\x16\
7\x00\xf0\xa2\xd7\x92\xfci\xfc,\xf9j\xbe\x98\xe4\x07\
rj9\x00\xb1\x00\xc0\xf3\xde\x9d\xe4\x13I\xbe\xa7\xf7\
\x1b\xa1\x8aO%\xf9\xfe$\xff\xd5\xfb\x8d\xc0\x08\x1c\x01\
\xc23\xbf\x16\x0f\xff\x95}W\x92\x8f\xc4_| \x89\
#@\xb8\xf1\xc1\xa7\xc3\xda\xbe;\xa7\xdf\xe7\xf0\xf1\xde\
o\x04\x80\xfe\xc4~\xf6\x1a\x91 \x88\x8f\xc2@\xecg\
O\x22Al\xcf\x0d\x00;\x13\xfb\xd9\x97H\x10\xdbs\
\x03\xc0\xce\xc4~\xf6&\x12\x04\xb0!\xb1\x1fs3\x22\
Al\xc9\x0d\x00;\x12\xfb\xe1y\x22Al\xc9\x02\xc0\
n\xc4~\xb8\x8bH\x10\xdbq\x04\xc8n\xc4~\xb8\x8b\
H\x10\xdbq\x04\xc8N\xc4~x\x88H\x10[\xb1\xed\
\xb2\x8b7\x92|,~\xec\x8b\x87}9\xc9\x8f$\xf9\
\xe3\xdeo\x04j\xb3\x00\xb0\x03\xb1\x1f.!\x12\xc4\x16\
\xdc\x00\xb0:\xb1\x1f.%\x12\xc4\x16\xdc\x00\xb0:\xb1\
\x1f\x8e\x10\x09\x02\x98\x98\xd8\x8f\xb9vD\x82X\x96\x1b\
\x00V%\xf6C\x09\x22A,\xcb\x02\xc0\x8a\xc4~(\
I$\x88%9\x02dEb?\x94$\x12\xc4\x92\x1c\
\x01\xb2\x1a\xb1\x1fj\x10\x09b96ZV\x22\xf6C\
M\x22A,\xc5\x02\xc0*\xc4~hA$\x88e\xb8\
\x01`\x05b?\xb4\x22\x12\xc42\xdc\x00\xb0\x02\xb1\x1f\
Z\x12\x09\x02\x18\x80\xd8\x8f\xe95\x22AL\xcd\x0d\x00\
3\x13\xfb\xa1'\x91 \xa6f\x01`Vb?\x8c@\
$\x88i9\x02dVb?\x8c@$\x88i9\x02\
dFb?\x8cD$\x88)\xd9Z\x99\x8d\xd8\x0f#\
\x12\x09b:\x16\x00f\x22\xf6\xc3\xc8D\x82\x98\x8a\x1b\
\x00f!\xf6\xc3\xe8D\x82\x98\x8a\x1b\x00f!\xf6\xc3\
\x0cD\x82\x98\x86\x05\x80\x19\xbc?\xc9\xaf\xc4?Y1\
\x877\x92\xbc\x19}\x00\x06\xe7\x1b*\xa3\x13\xfbaF\
\x22A\x0c\xcf\x02\xc0\xc8\xc4~\x98\x99H\x10Cs\x04\
\xc8\xc8\xc4~\x98\x99H\x10Cs\x03\xc0\xa8\xc4~X\
\x81H\x10\xc3\xb2\x992\x22\xb1\x1fV\x22\x12\xc4\x90,\
\x00\x8cF\xec\x87\x15\x89\x041\x1c7\x00\x8cD\xec\x87\
U\x89\x041\x1c7\x00\x8cD\xec\x87\x95\x89\x041\x14\
\x0b\x00\xa3\x10\xfba\x07\x22A\x0c\xc37[F \xf6\
\xc3ND\x82\x18\x82\x05\x80\xde\xc4~\xd8\x91H\x10\xdd\
9\x02\xa47\xb1\x1fv$\x12Dwn\x00\xe8I\xec\
\x87\x9d\x89\x04\xd1\x95\xed\x93^\xc4~@$\x88\x8e,\
\x00\xf4 \xf6\x03\xcf\x88\x04\xd1\x85\x1b\x00Z\x13\xfb\x81\
\x17\x89\x04\xd1\x85\x1b\x00Z\x13\xfb\x81\x97\x89\x04\xd1\x9c\
\x05\x80\x96\xc4~\xe0~\x22A4\xe5\x1b1\xad\x88\xfd\
\xc0\xe3D\x82h\xc6\x02@\x0bb?p>\x91 \x9a\
p\x04H\x0bb?p>\x91 \x9ap\x03@mb\
?p9\x91 \xaa\xb3aR\x93\xd8\x0f\x1c'\x12D\
U\x16\x00j\x11\xfb\x81\xeb\x89\x04Q\x8d\x1b\x00j\x10\
\xfb\x812D\x82\xa8\xc6\x0d\x005\x88\xfd@9\x22A\
Ta\x01\xa04\xb1\x1f(O$\x88\xe2|\x93\xa6$\
\xb1\x1f\xa8G$\x88\xa2,\x00\x94\x22\xf6\x03\xf5\x89\x04\
Q\x8c#@J\x11\xfb\x81\xfaD\x82(\xc6\x0d\x00%\
\x88\xfd@;\x22A\x14a\x8b\xe4Zb?\xd0\x9eH\
\x10W\xb3\x00p\x0d\xb1\x1f\xe8G$\x88\xab\xb8\x01\xe0\
(\xb1\x1f\xe8K$\x88\xab\xb8\x01\xe0(\xb1\x1f\xe8O\
$\x88\xc3,\x00\x1c!\xf6\x03\xe3\x10\x09\xe2\x10\xdf\xc0\
\xb9\x94\xd8\x0f\x8cG$\x88\x8bY\x00\xb8\x84\xd8\x0f\x8c\
K$\x88\x8b8\x02\xe4\x12b?0.\x91 .\xe2\
\x06\x80s\x89\xfd\xc0\xf8D\x828\x9bM\x91s\x88\xfd\
\xc0<D\x828\x8b\x05\x80\xc7\x88\xfd\xc0|D\x82x\
\x94\x1b\x00\x1e\x22\xf6\x03s\x12\x09\xe2Qn\x00x\x88\
\xd8\x0f\xccK$\x88\x07Y\x00\xb8\x8f\xd8\x0f\xccO$\
\x88{\xf9\xe6\xce]\xc4~`\x1d\x22A\xdc\xc9\x02\xc0\
mb?\xb0\x1e\x91 ^\xe2\x08\x90\xdb\xc4~`=\
\x22A\xbc\xc4\x0d\x00\xcf\x13\xfb\x81u\x89\x04\xf1\x02\xdb\
 7\xc4~`}\x22A|\x95\x05\x80D\xec\x07v\
\x22\x12D\x127\x00\x88\xfd\xc0nD\x82H\xe2\x06\x00\
\xb1\x1f\xd8\x91H\x10\x16\x80\xcd\x89\xfd\xc0\xbeD\x826\
\xe7\x1b\xff\xbe\xc4~\x00\x91\xa0\x8dY\x00\xf6$\xf6\x03\
\xdc\x10\x09\xda\x94#\xc0=\x89\xfd\x007D\x826\xe5\
\x06`?b?\xc0m\x22A\x1b\xb2\xf1\xedE\xec\x07\
\xb8\x8fH\xd0f,\x00\xfb\x10\xfb\x01\x1e#\x12\xb4\x11\
7\x00{\x10\xfb\x01\xce!\x12\xb4\x117\x00{\x10\xfb\
\x01\xce%\x12\xb4\x09\x0b\xc0\xfa\xc4~\x80K\x89\x04m\
\xc0Camb?\xc0Q\x22A\x8b\xb3\x00\xacK\xec\
\x07\xb8\x96H\xd0\xc2\x1c\x01\xaeK\xec\x07\xb8\x96H\xd0\
\xc2\xdc\x00\xacI\xec\x07(E$hQ\xb6\xba\xf5\x88\
\xfd\x00\xa5\x89\x04-\xc8\x02\xb0\x16\xb1\x1f\xa0\x16\x91\xa0\
\xc5\xb8\x01X\x87\xd8\x0fP\x93H\xd0b\xdc\x00\xacC\
\xec\x07\xa8M$h!\x16\x805\x88\xfd\x00\xad\x88\x04\
-\xc2\x03c~b?@k\x22A\x0b\xb0\x00\xccM\
\xec\x07\xe8E$hr\x8e\x00\xe7&\xf6\x03\xf4\x22\x12\
497\x00\xf3\x12\xfb\x01z\x13\x09\x9a\x98\xcdmN\
b?\xc0(D\x82&e\x01\x98\x8f\xd8\x0f0\x1a\x91\
\xa0\x09\xb9\x01\x98\x8b\xd8\x0f0\x22\x91\xa0\x09\xb9\x01\x98\
\x8b\xd8\x0f0*\x91\xa0\xc9X\x00\xe6!\xf6\x03\x8cN\
$h\x22\x1e&s\x10\xfb\x01f!\x124\x09\x0b\xc0\
\xf8\xc4~\x80\xd9\x88\x04M\xc0\x11\xe0\xf8\xc4~\x80\xd9\
\x88\x04M\xc0\x0d\xc0\xd8\xc4~\x80Y\x89\x04\x0d\xcev\
6.\xb1\x1f`v\x22A\x03\xb3\x00\x8cI\xec\x07X\
\x85H\xd0\xa0\xdc\x00\x8cG\xec\x07X\x89H\xd0\xa0\xdc\
\x00\x8cG\xec\x07X\x8dH\xd0\x80,\x00c\x11\xfb\x01\
V%\x124\x18\x0f\x9aq\x88\xfd\x00\xab\x13\x09\x1a\x88\
\x05`\x0cb?\xc0.D\x82\x06\xe1\x08p\x0cb?\
\xc0.D\x82\x06\xe1\x06\xa0?\xb1\x1f`7\x22A\x03\
\xb0\x81\xf5%\xf6\x03\xecJ$\xa83\x0b@?b?\
\xc0\xeeD\x82:r\x03\xd0\x87\xd8\x0f\x80HPWn\
\x00\xfa\x10\xfb\x018\x11\x09\xea\xc4\x02\xd0\x9e\xd8\x0f\xc0\
\x8bD\x82:\xf0\x10jK\xec\x07\xe0n\x22A\x8dY\
\x00\xda\x11\xfb\x01x\x98HPC\x8e\x00\xdb\x11\xfb\x01\
x\x98HPCn\x00\xda\x10\xfb\x018\x8fHP#\
\xb6\xac\xfa\xc4~\x00.#\x12\xd4\x80\x05\xa0.\xb1\x1f\
\x80cD\x82*s\x03P\x8f\xd8\x0f\xc0q\x22A\x95\
\xb9\x01\xa8G\xec\x07\xe0:\x22A\x15Y\x00\xea\x10\xfb\
\x01(C$\xa8\x12\x0f\xa8\xf2\xc4~\x00\xca\x12\x09\xaa\
\xc0\x02P\x96\xd8\x0f@\x1d\x22A\x859\x02,K\xec\
\x07\xa0\x0e\x91\xa0\xc2\xdc\x00\x94#\xf6\x03P\x97HP\
A6\xa92\xc4~\x00\xda\x10\x09*\xc4\x02p=\xb1\
\x1f\x80\xb6D\x82\x0ap\x03p\x1d\xb1\x1f\x80\xf6D\x82\
\x0ap\x03p\x1d\xb1\x1f\x80>D\x82\xaed\x018N\
\xec\x07\xa0/\x91\xa0+xx\x1d#\xf6\x030\x06\x91\
\xa0\x83,\x00\x97\x13\xfb\x01\x18\x8bH\xd0\x01\x8e\x00/\
'\xf6\x030\x16\x91\xa0\x03\xdc\x00\x5cF\xec\x07`L\
\x22A\x17\xb2-\x9dO\xec\x07`l\x22A\x17\xb0\x00\
\x9cG\xec\x07`\x0e\x22Agr\x03\xf08\xb1\x1f\x80\
y\x88\x04\x9d\xc9\x0d\xc0\xe3\xc4~\x00\xe6\x22\x12t\x06\
\x0b\xc0\xc3\xc4~\x00\xe6$\x12\xf4\x08\x0f\xb6\xfb\x89\xfd\
\x00\xccM$\xe8\x01\x16\x80\xbb\x89\xfd\x00\xacA$\xe8\
\x1e\x8e\x00\xef&\xf6\x03\xb0\x06\x91\xa0{\xb8\x01x\x99\
\xd8\x0f\xc0ZD\x82\xee`#z\x91\xd8\x0f\xc0\x9aD\
\x82n\xb1\x00<#\xf6\x03\xb06\x91\xa0\xe7\xb8\x018\
\x11\xfb\x01X\x9fH\xd0s\xdc\x00\x9c\x88\xfd\x00\xecA\
$\xe8)\x0b\x80\xd8\x0f\xc0nD\x82\xe2\xa1'\xf6\x03\
\xb0\xa7\xed#A;/\x00b?\x00{\xdb:\x12\xb4\
\xf3\x11\xa0\xd8\x0f\xc0\xde\xb6\x8e\x04\xedz\x03 \xf6\x03\
@\xb2q$h\xc7\xadG\xec\x07\x80\xe7m\x19\x09\xda\
m\x01\x10\xfb\x01\xe0.\xdbE\x82v\xba\x01\x10\xfb\x01\
\xe0>\xdbE\x82v\xba\x01\x10\xfb\x01\xe0![E\x82\
vY\x00\xc4~\x008\xc76\x91\xa0\x1d\x1e\x88b?\
\x00\x5cb\x8bH\xd0\xea\x0b\x80\xd8\x0f\x00G,\x1f\x09\
Z\xfd\x08P\xec\x07\x80#\x96\x8f\x04\xad|\x03 \xf6\
\x03\xc05\x96\x8e\x04\xad\xba\xd9\x88\xfd\x00P\xc2\xb2\x91\
\xa0\x15\x17\x00\xb1\x1f\x00JZ2\x12\xb4\xda\x0d\x80\xd8\
\x0f\x00\xa5-\x19\x09Z\xed\x06@\xec\x07\x80\x1a\x96\x8b\
\x04\xad\xb4\x00\x88\xfd\x00P\xd3R\x91\xa0U\x1e\x96b\
?\x00\xb4\xb0L$h\x85\x05@\xec\x07\x80\x96\x96\x88\
\x04\xadp\x04(\xf6\x03@KKD\x82f\xbf\x01\x10\
\xfb\x01\xa0\x87\xe9#A3o/b?\x00\xf44u\
$h\xd6\x05@\xec\x07\x80\x11L\x1b\x09\x9a\xf1\x06@\
\xec\x07\x80QL\x1b\x09\x9a\xf1\x06@\xec\x07\x80\x91L\
\x19\x09\x9am\x01\x10\xfb\x01`D\xd3E\x82fz\x90\
\x8a\xfd\x000\xb2\xa9\x22A\xb3,\x00b?\x00\xcc`\
\x9aH\xd0,G\x80b?\x00\xcc`\x9aH\xd0\x0c7\
\x00b?\x00\xccd\x8aH\xd0\xe8\x1b\x8a\xd8\x0f\x003\
\x1a>\x124\xf2\x02 \xf6\x03\xc0\xcc\x86\x8e\x04\x8dz\
\x03 \xf6\x03\xc0\xec\x86\x8e\x04\x8dz\x03 \xf6\x03\xc0\
\x0a\x86\x8d\x04\x8d\xb8\x00\x88\xfd\x00\xb0\x92!#A\xa3\
=d\xc5~\x00X\xd1p\x91\xa0\x91\x16\x00\xb1\x1f\x00\
V6T$h\xa4#@\xb1\x1f\x00V6T$h\
\x94\x1b\x00\xb1\x1f\x00v0L$h\x84-D\xec\x07\
\x80\x9d\x0c\x11\x09\xea\xbd\x00\x88\xfd\x00\xb0\xa3\xee\x91\xa0\
\x9e7\x00b?\x00\xec\xaa{$\xa8\xe7\x0d\x80\xd8\x0f\
\x00;\xeb\x1a\x09\xea\xb5\x00\x88\xfd\x00@\xc7HP\x8f\
\x07\xb0\xd8\x0f\x00<\xd3%\x12\xd4z\x01\x10\xfb\x01\x80\
\x975\x8f\x04\xb5>\x02\x14\xfb\x01\x80\x975\x8f\x04\xb5\
\xbc\x01\x10\xfb\x01\x80\xfb5\x8d\x04\xb5\xda4\xc4~\x00\
\xe0q\xcd\x22A-\x16\x00\xb1\x1f\x008_\x93HP\
\xed\x1b\x00\xb1\x1f\x00\xb8L\x93HP\xed\x1b\x00\xb1\x1f\
\x00\xb8\x5c\xf5HP\xcd\x05\xe0'\x93|(b?\x00\
p\xc4M\x1b\xe0oj\xbcx\xad\x87\xf3\xabI\xfe:\
\xc97Uz}\x00\xd8\xc1\xe7\x92\xbc\x9e\xe4_J\xbf\
p\xadO\x00~5\xa7\xcd\x05\x008\xee\x9dI\xbe1\
\xc9\xef\x95~\xe1\x1a\x9f\x00|k\x92\xbf\xcf\xe9\x00\x10\
\x00\xb8\xce\x97\x92|g\x92\x7f.\xf9\xa25~\x0a\xe0\
\x03\xf1\xf0\x07\x80R\xbe6\xa7\xbb\xba\xa2j,\x00?\
Z\xe15\x01`g?V\xfa\x05k,\x00\xef\xa9\xf0\
\x9a\x00\xb0\xb3\xd7K\xbf`\x8d\x1b\x80\xff\xcb\xe9\xe3\x0a\
\x00\xa0\x8c\xb7\x92|}\xc9\x17,\xfd\x09\xc0\xdb\xd2\xf6\
\x17\x0c\x01\xc0\x0e\x8a?[K/\x00O\x92\xfcG\xe1\
\xd7\x04\x80\xdd}\xb6\xf4\x0b\xd6\xb8\x01\xa8R,\x02\x80\
\x8d\xbdY\xfa\x05k,\x00\x7fX\xe15\x01`g\xc5\
\x9f\xad\xb5B@\xff\x10\xb7\x00\x00P\xc2W\x92|G\
\x92\x7f*\xf9\xa25>\x01\xf8t\x92\xdf\xa9\xf0\xba\x00\
\xb0\xa3\x8f\xa6\xf0\xc3?\xa9\xf7\xcb\x80\xbe-\xa7\xdf`\
\xf4\xaeJ\xaf\x0f\x00;\xf8bN}\x9dO\x97~\xe1\
\x1a\x9f\x00$\xa7M\xe5gr\xfa\xa9\x00\x00\xe0rO\
\x92\xfcl*<\xfc\x93\xba\xffN\xfff\x92\xcf'y\
_\xea}\xd2\x00\x00+z\x92\xe4\x17\x92\xfcz\xad?\
\xa0\xf6\xa1\xde\xc7\x93\xfcmN\x0d\xe3wV\xfe\xb3\x00\
`\x05\x9f\xcb\xe9S\xf4\x0f\xd7\xfcCZ\x5c\xea\x7f2\
\xc9o\xe4\xf4\xfb\x8c_O\xbd\x7fv\x00\x80\x99}9\
\xc9G\x92\xfctN\x7f\x81\xae\xaa\xf5G\xf3\xaf\xe6\xf4\
\xeb\x82\x7f(\xc9\xf7&\xf9\xe6\x14n\x1b\x03\xc0$\xfe\
'\xc9\x7f&\xf9\xab$\x1fK\xf2\x9bI\xfe\xad\xe7\x1b\
\x02\x00\x00\x00\x00\x00\x00\x00\x00\x00\x00\x00\x00\x00\x00\x00\
\x00\x00\x00\x00\x00\x00\x00\x00\x00\x00\x00\x00\x00\x00\x00\x00\
\x00\x00\x00\x00\x00\x00\x00\x00\x00\x00\x00\x00\x00\x00\x00\x00\
\x00\x00\x00\x00\x00\x00\x00\x00\x00\x00\x00\x00\x00\x00\x00\x00\
\x00\x00\x00\x00\x00\x00\x00\x00\x00\x00\x00\x00\x00\x00\x00\x00\
\x00\x00\x00\x00\x00\x00\x00\x00\x00\x00\x00\x00\x00\x00\x00\x00\
\x00\x00\x00\x00\x00\x00\x00\x00\x00\x00\x00\x00\x00\x00\x00\x00\
\x00\x00\x00\x00\x00\x00\x00\x00\x00\x00\x00\x00\x00\x00\x00\x00\
\x00\x00\x00\x00\x00\x00\x00\x00\x00\x00\x00\x00\x00\x00\x00\x00\
\x00\x00\x00\x00\x00\x00\x00\x00\x00\x00\x00\x00\x00\x00\x00\x00\
\x00\x00\x00\x00\x00\x00\x00\x00\x00\x00\x00\x00\x00\x00\x00\x00\
\x00\x00\x00\x00\x00\x00\x00\x00\x00\x00\x00\x00\x00\x00\x00\x00\
\x00\x00\x00\x00\x00\x00\x80\x87\xfc?\x09T\x87i\xd71\
\x07\xf8\x00\x00\x00\x00IEND\xaeB`\x82\
\x00\x00\x01\xba\
\x89\
PNG\x0d\x0a\x1a\x0a\x00\x00\x00\x0dIHDR\x00\
\x00\x00\x10\x00\x00\x00\x10\x08\x06\x00\x00\x00\x1f\xf3\xffa\
\x00\x00\x01\x81IDATx\xda\x95\xd3=kTA\
\x14\x06\xe0g\xe6n\xf6&l6M\xb0\x10\xc1t\x16\
\x82\x16\xda\xd9k\x17\x14K\xfd\x03\xfe\x01\xc1\xce\x22\x88\
\xbf\xc0F\xb0\x10\xac\xc5N\x10L\xad\x06%X\x09J\
H\x96\x04\x83\x98\x95\x18!\xd9\xaf;\x16w\xdd,\xba\
w%\x07\x06f\xe6=\xe7\x9d\xf3\xf1N\xd0^9\x12\
B\x0ez\x05\x07\x1d\xa5E\xf7\xecx\x18Z\x88\xe5\xea\
\xb79xgdI7\x0a!\x97L\xb4L\xa2\x0a\x84\
\xa0\x1e\xa7\xe1\xdbr\x1bf\xa7\x92\xc4\xea\xf0\xc2S\x8b\
.\xa5\x8bV-\x10\xd2I\x09\xca\x1c\xf7\xd5}2W\
\x99EmZ\xf0y\x87\x96\xc3\x0f\xb7\xec\x91\xe2\xc9\x09\
nj[\xb15t\xab\x22\xa8\xf5\xfe\xf8\x93\x0a\xa3\xb3\
\xa8\x1f\x13Y\xad\x04{\xe8\x0f\xa1|\xe8\x8f\x9a\xf7\xd7\
\x8e\x09\xba\x89\x83\xc10>\xf0u\x95\x9duR\x9d\xab\
M\x96\x02\x91o\xcf\xe6uv\xb3!\xc1\xc7+c\x04\
\xf89\xdc\xe7\xf4>l\xf0f\x8fb\x8e<\xe3\x0e\x83\
V\xb4\xf3x\xc1Q\xbb&Hj\xa3.\x04\x14e\xb9\
\x8d\xc1\xa1\xbb\xebO\xdc\xd8~Ec\xb6\xac\xff\xf9\xbe\
\xa3M\xbe\xbc=\xa5\xdb\x8e2EE\x133\xaeo\xbe\
v\x7f\xed\x013\x0d\xe2Ly\xdf)t_\xf6\xfd\xda\
\xad\x1bW\xdf\xbf\xadM|^X\xf2\xbdy\x96\x90\x8d\
\x0fE\xc8\x83\xf0\x97\x1e\xe2\x04\x01Z[\xbc\xe0\xf2\xf2\
\x0b\x8f\xce\xddf\xd0\x99*\xb5\xc9\xc3M\xb4\x9a\xa7m\
\xcd\x9f)G\xfb\x1f\x82N\xc5W\xd0\x8d\xf5\xe3\x81O\
|'u\x7f\x03\xeb\x07y+U\x13\x9b\x03\x00\x00\x00\
\x00IEND\xaeB`\x82\
\x00\x00\x03U\
\x89\
PNG\x0d\x0a\x1a\x0a\x00\x00\x00\x0dIHDR\x00\
\x00\x000\x00\x00\x000\x08\x06\x00\x00\x00W\x02\xf9\x87\
\x00\x00\x00\x09pHYs\x00\x00\x0b\x13\x00\x00\x0b\x13\
\x01\x00\x9a\x9c\x18\x00\x00\x03\x07IDATx\x9c\xed\
\xd8\xcbO\x13Q\x14\x06\xf0#\xe9\xc4H\x04\x0d\x86\x22\
\x8a\x12+\xca\xa6$\xb0\xe0\x7f\xd0\x05P\xa0ED\x84\
\x16J[$1\xc6\x18W\xac\x14\x13\x95\xc8\x82\xf0h\
\xb1(\x0fy\xb4\xa5O\x1e-D\x88\xee%hB\x5c\
\xa8\xa0\xb4\xb4Ut!\xd55\x9f\x99\x22\xad\x8d  \
1\x9d1\xf3%7\xb3=\xbf;\xf7\xdc9-\x91\x10\
!B\xb6\x8c\xa4/(\xce\xe8\xf15\xa5\x1b\x97\xe6\xc4\
\xfa\x0f\xdfS\xdb\xdf#\xa5u\x11\x87\x1e,\xf8\x92\x9a\
\xdf\x9d'.\xe7\xd4pPq\xb2\x7f9t\xa2g\x19\
\xc7\x8c^\xa4\x19\x96\xb0\x018\xdc\xb2\x80\xa4\xfbo\xbc\
\xc4\xd5dY\x82\x0a\xc9``-\xb3\xdf\x8f-\x01\xcd\
oA\x5c\x8c\xc4\x1a\x14\x9f6\x05C\x92\xa1 x\x09\
8k\xfd\xd4\x94e\xfe\x08\xde\x02\xb2m+/y\x0d\
8c\x0e`\xc7\x00\xc5cPY\x0f\xa8\xac\x17t\xa1\
\x17T\xde\x07*\xef\x07]|\x02\xaa\x18\x00U\x0c\x82\
.\x0d\x81*\x87A\x95&\xd0e\x13\xa8\xca\x0c\xaa\xb2\
\x80\xaaG@J+Hi\x03\xa9\xec\xa0\x1a\x07\xa8\xc6\
\x09\xaau\x82\xd4.\x90z\x14T7\x06\xd2\x8c\x834\
\x13 \xad\xdbG\xba\xc9\xedo\xbel\xdb\x0aW\x01 \
\xad\xdb\xcbo\x80\xce\xb3\xfd\xb1\x15\x00\xe5\xc2\x1b\x00\xaf\
\x8eP\xe2\xf5)\xe4?\xfb\x8a\xfc\xe7\xab\x91\x957\xf5\
\x85?\x00R\xda\x90\xde2\x1b\x03`\x17\xaf\x00\xa2\xfa\
q\xe4zV\xb8\x09`\xd46d\xea\xe7\xc1\xd4\xd97\
\x050\xf5c\x90:\xfd\xe1\xa2s=\x9f\xb9\x05`j\
\xad\x90:\x96\xc3\x05\xe58\x03`\xb4\x8e\x18\x80H7\
\x0a\xa9c\xbd\xf8\x1cW\x10L\x83\x1b\xc7[_\x85{\
\x22\xee\x00\xa6v\x04R\xfbz\xf1\x1bM\xcab\xd6\x11\
\x160:Wd\xe7\xd9'\xd30\x11\xf9\x90\x1d\xb81\
\x13_\x00Sc\x81\xd4\xe1\xfb\xb9\xf3~$^\x1d\x8f\
`r\x5c\x01$^sG\xdf\x8c+\x00\xe6\xca\x04w\
\xbe\xc4\x8c\xca\x1c)6\xbc\xe3j[\xb8\x89\xd9\x1e\xd8\
(:\xf2F\x9c\xfep\x0f\xc4e\x948xg\xfe7\
\x00\xa32Aj\x8f\xee<\xa3\xb6\xc6\xdcB\xa2_\x10\
\xe1\x9d\xaf\x1f\x8b\xcf,\x94|\xf75D\xb5\xf6\x18\x00\
\xa3\x1c\x8e\x14\xcf>\xd9\x1e\xd8\xec\x1ae{ \xd30\
\x0f\x91\xd6\xf5\xef\x87\xb9\x0c\xe3\x22\x92oN\x83\xa9\x1e\
\xc2>E7\xa8\xe4!\xa8\xd4\x08\x92w\x83\xe4\x8fb\
\x00)\x8dO\xa3\xc5\xd7X\xe2?\x8d\xa6\xdd{\x81\x04\
\xb9\x11$3\x80\x8a\x0d\xa0\x92\xae?\x02\xd8#\x94\xd2\
8\x0d\x91\xca\x1c\xffq\xfah\xf3,H\xd6\x09\x92\xe9\
w\x05\xe0\xc4\xef\x81\xacA\x1f\x12J\xbb@E<\x05\
\x1ci\x9c\x01\x15v\xf0\x17\xb0_9\xf0W\x80\xbc\xc9\
\xe8\x1c\xb3\xd7\x95\xb7\x97q:\xa1\xd4\xc0o\x00\x15\xb4\
\x85x}\x84\xa8\xa0}\x8e\xef\x80\xdb\xfc\x06\x14w\x88\
\xa9\xa0=\xc4_\x00\x9b\xc269\x15u\xac\xf1\x17\xc0\
\xa6\xb0SN2\xfd*\xa7\x00\xda\x1d\xfc\xb5\x18\x13E\
w*\xc9\x0c\xb7Hf\x98\xa5\xe2\xaeoq\x05h&\
\xbc\xa4\xf1\x9c\xdb\x1d@\x88\x10!B\x84\xfc\xef\xf9\x01\
n\xc3\xbc\x8b_\xfe\x9d\xd7\x00\x00\x00\x00IEND\
\xaeB`\x82\
\x00\x00\x02\xb8\
\x89\
PNG\x0d\x0a\x1a\x0a\x00\x00\x00\x0dIHDR\x00\
\x00\x00\x10\x00\x00\x00\x10\x08\x06\x00\x00\x00\x1f\xf3\xffa\
\x00\x00\x02\x7fIDATx\xda\xa5\x93\xcf\x8e\xd3V\
\x18\xc5\x7f\x8e\xaf\x13\xdb\x99\xc43\x93\x11\x93\xa6\x82\x99\
\x0c $`\x03\x12\x1b\xc4\x8a7\x80.\xfb\x04\xec*\
\xaa>@W]\xb1\xed\xcbt\xd3\x05\x8fP\x16\xa3j\
\x0a\x84?3\xe3\xc4\xe4\x8f\xe3\xeb{m\xdf{Y\x18\
U\x88-\xdf\xea\xfbt\xa4\xa3\xa3\xef\x9c\x03\xdf9\xde\
\xc3\x87\xbf\x0d\x8a\x1f\x83!\x00\x12\xa0\x848jQ\xf9\
\xd5\xfe\xcd\x9d\xaft\xfd\xdf_/R\xf1t\xba\xf7\xcb\
O\xf7n\xfd\x0a\x8e\x5ci\xd2\xbc\xe4\xe4`\x17\x80\x7f\
\xd3%\x93\xa4O\xbf\xd7\xa5\xacjf\xcb\x9c[\x87\xfb\
x\x0efJ\x15\x9b\xe7/\x9f\x09\xbb.#\xf3f\x99\
xXL]\xe1W\x9a\x9e\xb6\x00\x04\xab\x9c@\xd6t\
\x03\x81i\x0c\xc1V\xd2k\x00\xe7\x88\xc3n\x22\xf6\x87\
\x8f\xc4\x9f\xf1\x89\xfb}\xf4\x18\x8b\x03\xb9\xe5\x8fG\x15\
\xf1\x83k\x18\x07\x17\xaff\x98kW\x88wB\x94\xac\
\xb8x\xfd\x91\xe8\xee1\x00\xcb\xd9\x82\xbd\xaa\xa8\x05\xd6\
B\xad\x01\x07M\x85\xd6\x15R*\x8c\x03\xa5+J\xa9\
\xa1\x03\xba\xac\xd1\xaa\xc5\x00\xb4\xae\xe9\x04\x1dD58\
Pu4\xc4b\xc1y\xc4\x03\xcd\xee(\xa1q\xb0\x93\
,\x19\xee\x0f\x89\x07!Jj\xb6\xcb\x9cd\x94\x80\x07\
&\xd7\xd8b\x85\x087\x97\xbdp\x9b\xb5\x04\xa5$\xcf\
*\xe6\x1f\xe6\x18\x07\xab\xf9\x0a?\x10\xc8M\x0f]\xd6\
\xac\xe7+\x16\x1f\xe6\xad\x0b\xd9\x86$\xee \xe4\xdeD\
\xc9\xe4\x10\x87\x05\xb1ew\xac\x99L'4\x0e\xe4V\
sx4\xa6?\x88(\xa5\xc64\x0d?L'\xe0A\
\xe0|\xecz\x81\xd8Y\xbc\x8b\xca\xbd\xabX\xe7@I\
>\xbd\xaf\x98\x9d\xfa\x18 \x9d]b\xea\x86\xb0\xdf*\
\x98\xbfK\xe9F\x01\x00\xc5\xe5\x86\xe3\xa1\x8fPqB\
1\xba\xda\xbaPl\x19\x1di\xa6w\xa64\x0eL\x03\
\x87\xc7c\xfa\xc3\x88\xb2\xd0\xf8\xc2\xe7\xf8\xf6\x14<\x98\
\xf7.\xb0\x9fRD(\xd7\xec\xcc\xdf\xb6\x04J\xb2x\
]s6\xb0\x18\x07\x1f\xcf\xceQR\x11\xc6]\xb4j\
\x15t\xfc6\x94E\x9as\xb2+\x10e\x9c\x04\xab\x83\
\x1b\xe0,\x14\x1b\x0e\xaekn\xde\xbfN\xe3\x00O0\
>\x99\xfc\xaf\xa0\x1b\xf6\xb8q\xff&x\x90\x9e\x9ec\
\xb3sO\x1c\xd5\xd9\xcb'\xc9??\x07\x81\xd7wI\
M\x9cZ\xce\xfe^a\x01\xbd.\xb8\xc82\xfc\xc0\xc7\
\xd4\x06](\xdel78\xc0\xb7\x1e\xe3\xf1\xa0\xf4:\
\x80q\xf9\x15\xd0\xedw\x88\x90Y\x06@\x1c\x8d\x90e\
\xf9\xa5e1q\x14!\xcb/\xd8h\x04\xc4\x9b\xefm\
3\x9f\x01W\x1bVp\xc5\x9e\xc0\xd0\x00\x00\x00\x00I\
END\xaeB`\x82\
\x00\x00\x01(\
\x89\
PNG\x0d\x0a\x1a\x0a\x00\x00\x00\x0dIHDR\x00\
\x00\x00\x10\x00\x00\x00\x10\x08\x06\x00\x00\x00\x1f\xf3\xffa\
\x00\x00\x00\xefIDATx\xda\x9d\xd2\xbbJ\x83A\
\x10\x05\xe0/$\xa2\xc6x\x01_\xc2\xd2F\x05\x1fA\
\x1b\x1fD\xc5N\xb0\x08!\x22\x22\x08\x96\xfa\x066\x22\
\x22b\xbc\x80\x95b\xa1\xf8 \xb6\xda\x88\x97\xd8L\xb1\
\xc8\xe6\xcfo\x06\x86]\xce\x9csvvg\xabzG\
\x1d5|\x19 \x1a\xb8D\x07\xe3\xff\x15\x8f\xe1\x1c\xdd\
\xc8\x0e&\xca\x8a\xeb8\x0b\xe1\x166c\x7f\x85\xc92\
\xe2\xd3\x10\xb4\x12\xbc\x19\xd8u\x91\xc9(N\x82\xd8\xce\
\xd4[Q\xbb\xc1T\xee\xe4\xe3 l\x17t\xd8\x0e\xce\
mjR\xc1\x05\x96\xf1\x89\xa7\x04O\xa3\x1b\xeb\x1c\x86\
\xf0\x88\x15\xbc\xd6\xf0\x82\xa5(,\x96x\xe8;<c\
$\x057\xf0\x93\x8c\xaeW\xee\x149\xf73\xd9-\xf3\
\x0f\xd6{\x98\xec\xfd\xe1\xcd\xe2\x10\xc39\x935|'\
\xe2\xfd\xcc\xc8\x1f\xfau\xb5\x8a\x0f\x1cdj\x0b\x89\xf9\
{\xd1u\xe6Q\xcd\xe0\xd3\xb8\xc7\x1b\x8e\x0c\x18\x0d\xcc\
\xa0\xf2\x0b\x11\x13G\xba\x09\xcel\xf7\x00\x00\x00\x00I\
END\xaeB`\x82\
\x00\x00\x01\x01\
\x89\
PNG\x0d\x0a\x1a\x0a\x00\x00\x00\x0dIHDR\x00\
\x00\x00\x10\x00\x00\x00\x10\x08\x06\x00\x00\x00\x1f\xf3\xffa\
\x00\x00\x00\xc8IDATx\xda\xad\xd31jBA\
\x14\x85\xe1/\x12\xb0\xc9\x12\x14R\xc4l\xc5\xda&\x1b\
x\xdbx\x1bp\x1fnC\xb0\x13\x1bk\x11\xb4\xb20\
\x8d\x1bP\xd4\xe6\x1an&\x8a\x90\xf7\x0e\x9c\xe6\xbf\xe7\
\xce\x0csg\xf8\xab.*\xcc\xb0\x0f\xcf\x82u=\xd1\
\x07\xa6\xb8<\xf0\x14\x83G\xcd\x9f\xd8\xa4\xf0\x11\xf3\xf0\
1\xf1Md\x7f\xe9\x0d\x8b\x14\xfa\xc60\xd5\x87\xc1n\
\xf5E\xf4\xfc\xa8N\xc53\xbe\x82\xf7\xc3\x82\x9dS\xae\
\xbe5\xf7\x8a\xd5\x97x\xc1\x08\x87\xf0(\xd8\xb28e\
\xaf\xdc\xfd\x821^\xb1Nl\x1dl\x5cdkX\x15\
\xb0\xc2;N\x89\x9d\x82UEv\xd5\xd1P\x1dL\xee\
\x8cs\x87mb\xdb`\xe5\xf8&\xad\x5cb\xe31\xb6\
\xf2\x90\x1a?\xe5V>\xd3\xbf\xbe\xf3\x15\xf1\x8e|K\
\x09\xf5\x9c\x1d\x00\x00\x00\x00IEND\xaeB`\x82\
\
\x00\x00\x01\x93\
\x89\
PNG\x0d\x0a\x1a\x0a\x00\x00\x00\x0dIHDR\x00\
\x00\x00\x10\x00\x00\x00\x10\x08\x06\x00\x00\x00\x1f\xf3\xffa\
\x00\x00\x01ZIDATx\xda\xa5\x93\xcd+Da\
\x14\xc6\x7f\xe7\xbdw4\xa6\xa6\x88\xd8Xcj\x94=\
\x92$K\x8d\x8f)\x16\xb2Qd\xa5l5\x7f\xc4l\
L\xd9RF\xc9\xc2B\x89\xa1\x94\xcdLYHY\xd8\
+\xcd4\x8biF\xea\xbe\xc7\x02\x0d\xd7\x98\xeb\xe3,\
\xdf\x9es\xfa\x9d\xe7</\xfc\xb3\xa4\xe1k\xf6\xa6\x05\
\xa7\xb8\x88\xd5\xdeW\x95\xdeb\x1fwI&\x9f\xfdR\
\xf3\xa59\xa5\x06)\xa6Q6p\xdd]\xd4\xd9\x03\xb3\
\x8e\xe9\xde\x22\xa7n\xf0\x80\xf8Y\x0ct\x19e\x9b\xc4\
\xf05\xc9\x91\x02\x964\xaaK\x94/b\xc1\x03L(\
\x86\xe3\x0a\xc8C}Q+ 5\x9e\xbc\xaa_\xfe\x05\
\x09K\x18\xf7\xcd\x9aln\x101]\x08\x09\x90M\xe6\
\xc7\xef\x83\x09\x00\xd0w\x8b{\x10\x89\x03e\xc0%\x93\
\x09\x05\x13|<\xce\xdc\xd8\x11\x00\x07'\x1dx\xa1\x02\
\x9d}Q`\xf3\x07\x04\xbe\x9a\x9e(\x22\x5c\xa1\xb2\xc2\
\xe1e\xf4\x07\x04\x80\x88\xf5m\x15n\x94\x9b\x06WP\
\xc5\x18P\xdb^\x0f\xd6\xf9\x00\xc6L\x22\xb2\xcf\xd4P\
\xa59\x81\x07\x18\x0fD\x17\xd8\xcf\x95P'\x8c\xcb*\
V\x8f\xa9\xba)D\xb4\xf9\x00#\x06\x05\xac\xd9\xc1h\
\x09\x91\x0e\xd4[cf4\xefo\xfe&\x07^?\xad\
\x11\xf0\xaaw\xcc\x8e\x9e\x06\xf9\xfb\xd9\x83\xac:\x18\xa7\
J\xad\xb2E[$\xff\xc7\x0f\xaa\xf2\x1b\xf5\x0b\xb3\xc1\
g\xd26}rt\x00\x00\x00\x00IEND\xaeB\
`\x82\
\x00\x00\x01\xf8\
\x89\
PNG\x0d\x0a\x1a\x0a\x00\x00\x00\x0dIHDR\x00\
\x00\x00\x10\x00\x00\x00\x10\x08\x06\x00\x00\x00\x1f\xf3\xffa\
\x00\x00\x01\xbfIDATx\xda\xc5\x93;kTa\
\x10\x86\x9f\x99\xef\x9c\x8d\x98\xbd\xa0\xb21\xabn\xdc=\
{@=I\xa1l!V\x0bje)^\x1a\x83\xa0\
\x10\xb1J\x95v\xd3\x88\xad\x8d\xbf\xc0\xcaB\xab\xfc\x82\
5(\x8aDl,7\x0aq+A<\xa2ao\xe7\
\x1b\xab\x03A\xc1\x22M\xa6\x9b\x87y_\x86\xb9\xc0A\
\x87\xecG\x94$7\x0b\xe5Siq2*h\xb0\x1f\
\x83R\xe9\xe7\x89\xc9P\xbb\x9eI\xear\xd8h\x9c;\
]\x99;\xfe\xa2rd\xae\x96~\xff\xf6\xfa\x7f\x06\x83\
A\xff\xc7\xc9F\xb3\x94\x19=\xcd\xa1\x0fuU]p\
\x15\xb1n\x14%\x0b\x7f\x8b\xa2\xa8]\x89\xe3\xb8\x9c\xe7\
f\xa2*\xe2\x14`>>_\xc5X\xce\xa6\xd3\xb7 \
\x85\x89\x93\xfbya=^l-\xc4\x8b\xef\xa6n\xf8\
y,3\xfdz\x9c<\xabV\x93\xa2\xaaf\x00\x0a\x10\
2\xbe#*G\x05\xee\x99\xd9\x06\xb0\x12E\xed\x0a\x80\
GG\x86\xbc\x02\xebb\xbct.X\x9e)\xfb\xbbb\
n\x04\xa0\xb5Z\xfb0\xf0\xc0\xcc\x0f\xcch\x89\xb0\xe3\
\xd4\xcdOux\x03\xa0\xe8\xc6)\xd8@\x90\x8b&\x16\
x\xef\xc7\x82$y\x87\x1a\xce\x8e\xae\xab\xea\x19\x90\xba\
\xa8l\x80\xac\x9a\x19\x88=\x04t7\x0b\x1e\xa9\xca\x13\
o\xf6\x01\x93-\xc0\xef\x9dM\x80\xd8\xbay\x06\x18\xb7\
\x0c\x19\x81\xe0%\xbb\xed\x82`\xad\x1e/]\x11\xb1\x9a\
\x99\xed\xa2\xbc\x178+\x22\x87\xbc\xc7\xed1\x90\xdff\
\xf6t\xa7\xff\xe9M\x0e\x9b\xcd\xa5\xaf^\xb2\xcb\x02e\
\xc1\x1e\x83\xb4@\x9e\xe3m\xd3\xd4o\x8a\xf9\x8f\x00\xde\
,\x13:\x9d\x80^o\xfa\xef\xb6;\x01\xe4\xbc\x13D\
\xd1\xaf\xd9\xed\xed\xad\x14\xd0\x0b\x97\xae\xd55\xf4\xeb\x1e\
K\xf7u\xca\xed\xf6J\x18\x1e\xfbR\x9a\x8c\x0az\xe0\
\xcf\xc8\x1f-\xb9\xa4\x15\xc0\xaa'\xdf\x00\x00\x00\x00I\
END\xaeB`\x82\
\x00\x00\x01C\
\x89\
PNG\x0d\x0a\x1a\x0a\x00\x00\x00\x0dIHDR\x00\
\x00\x00\x10\x00\x00\x00\x10\x08\x06\x00\x00\x00\x1f\xf3\xffa\
\x00\x00\x01\x0aIDATx\xda\x9d\xd2\xb1+\xc4a\
\x1c\x06\xf0\xcf\x9d\x13E\x863\x22\x8c6\x1d)\x19\x14\
\x99l\x22\x99MF\xff\x81\x81\xf1\xfc\x0dR\xb2\x18M\
\x06\x0b\x83\xc9D\x16%\x06\xa5P\x18.\x5c\xb2|\x7f\
\xfc\xba\xb8\xfb\xdd=\xcb\xdb\xf3\xbe\xdf\xef\xf3>\xef\xf7\
y\xf9\xc5\x1c\xd6\xb4\x886\x1c\xe2\x06\xfd\xcd4\xe6c\
-\xe1\x05\xbbXj\xd03\x8a\xdeZ\x81e\xbc\xe1>\
\x04\x0au\x04\x161\x9c\x16(b\x1a\x15\x0c\x85\xfad\
\x1d\x81*\xbe\x12R\x88\xe6K\xac\xc7\xde#\xe6q\x92\
u\x0e=\xe8J\xf1\xf6p\xf5\x1f6bf?\x0e^\
k\x0a>\xf1\xdcl\x0a-\xa3\x10\x223a\xbb\x8a\x0f\
\x9cG\x22\x09\xba\xf1\x1e\xee\xd2(\xe6C\xa0\x84\xa9\x88\
\xe8 \xd2Hc\x04et\xc4%\x15\x8cc;WS\
\xb8\x87+l\xfe\xe1v\x05c\xe1\xf0\x0e\x13\xd8J\x17\
\x94\xb1\xdf`.\x0bx\xc0\x11\xfa\xd2\x07\xab8\x0e\x8b\
\x8d0\x8b\x81\x84\xe40\x883\x5c\xe0:\xfe\xc1\x0eN\
\xb3\xa6\xf0\x14\xef\xeb\x0c\x9e\xc3m\xd6\x18\xbf\x01\x8f\x8e\
-\xfa\xbb\x1d\xdd\xda\x00\x00\x00\x00IEND\xaeB\
`\x82\
"

qt_resource_name = b"\
\x00\x0f\
\x09\x95E\xc7\
\x00b\
\x00u\x00i\x00l\x00d\x00_\x00c\x00u\x00r\x00v\x00e\x00.\x00p\x00n\x00g\
\x00\x08\
\x00(Z\xe7\
\x00f\
\x00i\x00l\x00e\x00.\x00p\x00n\x00g\
\x00\x10\
\x04\x90\xd3G\
\x00e\
\x00x\x00p\x00o\x00r\x00t\x00_\x00e\x00x\x00c\x00e\x00l\x00.\x00p\x00n\x00g\
\x00\x06\
\x07\xfcWG\
\x00x\
\x00y\x00.\x00p\x00n\x00g\
\x00\x09\
\x08k\x8aG\
\x00g\
\x00r\x00a\x00p\x00h\x00.\x00p\x00n\x00g\
\x00\x17\
\x00\x0d\x9c\xc7\
\x00e\
\x00x\x00p\x00o\x00r\x00t\x00_\x00t\x00x\x00t\x00_\x00t\x00e\x00m\x00p\x00l\x00a\
\x00t\x00e\x00.\x00p\x00n\x00g\
\x00\x11\
\x07\x8a\x1ag\
\x00w\
\x00a\x00r\x00n\x00i\x00n\x00g\x00-\x00a\x00l\x00p\x00h\x00a\x00.\x00p\x00n\x00g\
\
\x00\x0a\
\x01\xcce\x87\
\x00b\
\x00r\x00o\x00k\x00e\x00n\x00.\x00p\x00n\x00g\
\x00\x0c\
\x06\xc9\x14\xc7\
\x00d\
\x00i\x00s\x00k\x00e\x00t\x00t\x00e\x00.\x00p\x00n\x00g\
\x00\x09\
\x0a\xbf\xbf\xe7\
\x00m\
\x00o\x00d\x00e\x00l\x00.\x00p\x00n\x00g\
\x00\x0a\
\x0a\xc8\xfb\x07\
\x00f\
\x00o\x00l\x00d\x00e\x00r\x00.\x00p\x00n\x00g\
\x00\x09\
\x06\xa6\x82g\
\x00c\
\x00r\x00o\x00s\x00s\x00.\x00p\x00n\x00g\
\x00\x08\
\x06(Xg\
\x00r\
\x00o\x00l\x00e\x00.\x00p\x00n\x00g\
\x00\x0e\
\x03\xa5\xf4G\
\x00h\
\x00i\x00d\x00d\x00e\x00n\x00_\x00e\x00y\x00e\x00.\x00p\x00n\x00g\
\x00\x0c\
\x0b\xdf!G\
\x00s\
\x00e\x00t\x00t\x00i\x00n\x00g\x00s\x00.\x00p\x00n\x00g\
\x00\x09\
\x0c\x88\x8f\xa7\
\x00e\
\x00p\x00u\x00r\x00e\x00.\x00p\x00n\x00g\
\x00\x0d\
\x002\xa2\xc7\
\x00l\
\x00i\x00g\x00h\x00t\x00_\x00o\x00f\x00f\x00.\x00p\x00n\x00g\
\x00\x0a\
\x02\xfcBG\
\x00i\
\x00t\x00a\x00l\x00i\x00c\x00.\x00p\x00n\x00g\
\x00\x10\
\x07\x15y\x87\
\x00p\
\x00r\x00o\x00j\x00e\x00c\x00t\x00_\x00c\x00o\x00p\x00y\x00.\x00p\x00n\x00g\
\x00\x08\
\x06\xe1Z'\
\x00d\
\x00o\x00w\x00n\x00.\x00p\x00n\x00g\
\x00\x0b\
\x0a*w\xe7\
\x00p\
\x00r\x00i\x00n\x00t\x00e\x00r\x00.\x00p\x00n\x00g\
\x00\x09\
\x09\xc8\x82\xc7\
\x00c\
\x00u\x00r\x00v\x00e\x00.\x00p\x00n\x00g\
\x00\x13\
\x0f\x0fz\xc7\
\x00f\
\x00o\x00n\x00t\x00_\x00t\x00e\x00x\x00t\x00_\x00c\x00o\x00l\x00o\x00r\x00.\x00p\
\x00n\x00g\
\x00\x08\
\x06'Zg\
\x00b\
\x00o\x00l\x00d\x00.\x00p\x00n\x00g\
\x00\x06\
\x06@WG\
\x00a\
\x00-\x00.\x00p\x00n\x00g\
\x00\x08\
\x05\x9eZ'\
\x00d\
\x00o\x00c\x00k\x00.\x00p\x00n\x00g\
\x00\x0b\
\x0bH|'\
\x00p\
\x00r\x00o\x00d\x00u\x00c\x00t\x00.\x00p\x00n\x00g\
\x00\x08\
\x0f\xa8Z\x87\
\x00h\
\x00i\x00d\x00e\x00.\x00p\x00n\x00g\
\x00\x0b\
\x0c\xfa\x85\xc7\
\x00f\
\x00o\x00r\x00m\x00u\x00l\x00a\x00.\x00p\x00n\x00g\
\x00\x09\
\x06\xe4\x87'\
\x00a\
\x00l\x00p\x00h\x00a\x00.\x00p\x00n\x00g\
\x00\x08\
\x09\xc5X\xc7\
\x00u\
\x00s\x00e\x00r\x00.\x00p\x00n\x00g\
\x00\x07\
\x0c9W\x87\
\x00e\
\x00m\x00f\x00.\x00p\x00n\x00g\
\x00\x08\
\x0c\xa7X\x07\
\x00t\
\x00e\x00s\x00t\x00.\x00p\x00n\x00g\
\x00\x0b\
\x00\xbe\x84'\
\x00s\
\x00o\x00r\x00t\x00i\x00n\x00g\x00.\x00p\x00n\x00g\
\x00\x0b\
\x0a\xdf\xc0\xfe\
\x00t\
\x00r\x00a\x00n\x00s\x00l\x00a\x00t\x00i\x00o\x00n\
\x00\x0c\
\x0c>\xe8\x07\
\x00l\
\x00i\x00g\x00h\x00t\x00_\x00o\x00n\x00.\x00p\x00n\x00g\
\x00\x09\
\x0a\xa8\xbaG\
\x00p\
\x00a\x00s\x00t\x00e\x00.\x00p\x00n\x00g\
\x00\x0b\
\x0cj,G\
\x00r\
\x00e\x00f\x00r\x00e\x00s\x00h\x00.\x00p\x00n\x00g\
\x00\x06\
\x06>WG\
\x00a\
\x00+\x00.\x00p\x00n\x00g\
\x00\x0b\
\x01\x8f\xee\xdf\
\x00u\
\x00n\x00i\x00s\x00k\x00a\x00d\x00.\x00i\x00c\x00o\
\x00\x06\
\x07\xc3WG\
\x00u\
\x00p\x00.\x00p\x00n\x00g\
\x00\x0c\
\x041o'\
\x00a\
\x00s\x00s\x00e\x00m\x00b\x00l\x00y\x00.\x00p\x00n\x00g\
\x00\x0b\
\x0bH{G\
\x00p\
\x00r\x00o\x00j\x00e\x00c\x00t\x00.\x00p\x00n\x00g\
\x00\x0e\
\x00t\x9d\x07\
\x00t\
\x00e\x00s\x00t\x00_\x00t\x00a\x00b\x00l\x00e\x00.\x00p\x00n\x00g\
\x00\x0b\
\x03\xb4\xe3\x87\
\x00b\
\x00g\x00c\x00o\x00l\x00o\x00r\x00.\x00p\x00n\x00g\
\x00\x07\
\x0c\xf8W\x87\
\x00e\
\x00y\x00e\x00.\x00p\x00n\x00g\
\x00\x08\
\x0c\xa4ZG\
\x00b\
\x00e\x00t\x00a\x00.\x00p\x00n\x00g\
\x00\x0d\
\x0b\xcf\x1b\xa7\
\x00f\
\x00o\x00n\x00t\x00_\x00s\x00i\x00z\x00e\x00.\x00p\x00n\x00g\
\x00\x07\
\x04MW\x87\
\x00a\
\x00-\x00z\x00.\x00p\x00n\x00g\
"

qt_resource_struct = b"\
\x00\x00\x00\x00\x00\x02\x00\x00\x001\x00\x00\x00\x01\
\x00\x00\x00\x00\x00\x00\x00\x00\
\x00\x00\x00\x8a\x00\x00\x00\x00\x00\x01\x00\x00hc\
\x00\x00\x01\x8f\xdc\xd6\xfc]\
\x00\x00\x00$\x00\x00\x00\x00\x00\x01\x00\x00\x01,\
\x00\x00\x01\x8f\xdc\xd6\xfc\x93\
\x00\x00\x01\xd6\x00\x00\x00\x00\x00\x01\x00\x00{\x9c\
\x00\x00\x01\x8f\xdc\xd6\xfdZ\
\x00\x00\x04\x94\x00\x00\x00\x00\x00\x01\x00\x00\xdd4\
\x00\x00\x01\x8f\xdc\xd6\xfeu\
\x00\x00\x03\x90\x00\x00\x00\x00\x00\x01\x00\x00\xaa?\
\x00\x00\x01\x8f\xdc\xd6\xfeH\
\x00\x00\x04,\x00\x01\x00\x00\x00\x01\x00\x00\xb5-\
\x00\x00\x01\x8f\xdc\xd6\xfe\x8b\
\x00\x00\x00\xe6\x00\x00\x00\x00\x00\x01\x00\x00k\xbf\
\x00\x00\x01\x8f\xdc\xd6\xfb\x86\
\x00\x00\x01\xf6\x00\x00\x00\x00\x00\x01\x00\x00}\xca\
\x00\x00\x01\x8f\xdc\xd6\xfdJ\
\x00\x00\x01~\x00\x00\x00\x00\x00\x01\x00\x00w\x12\
\x00\x00\x01\x8f\xdc\xd6\xfd\x1a\
\x00\x00\x04\xb6\x00\x00\x00\x00\x00\x01\x00\x00\xdf\xf0\
\x00\x00\x01\x8f\xdc\xd6\xfb[\
\x00\x00\x04Z\x00\x00\x00\x00\x00\x01\x00\x00\xd8\x1d\
\x00\x00\x01\x8f\xdc\xd6\xfb\x15\
\x00\x00\x05\x1c\x00\x00\x00\x00\x00\x01\x00\x00\xe5\xb4\
\x00\x00\x01\x8f\xdc\xd6\xfb,\
\x00\x00\x00:\x00\x00\x00\x00\x00\x01\x00\x00\x02\x00\
\x00\x00\x01\x8f\xdc\xd6\xfcL\
\x00\x00\x02\xd4\x00\x00\x00\x00\x00\x01\x00\x00\x9a8\
\x00\x00\x01\x8f\xdc\xd6\xfb\xeb\
\x00\x00\x02\xac\x00\x00\x00\x00\x00\x01\x00\x00\x97\xeb\
\x00\x00\x01\x8f\xdc\xd6\xfbq\
\x00\x00\x01h\x00\x00\x00\x00\x00\x01\x00\x00u\xbb\
\x00\x00\x01\x8f\xdc\xd6\xfe\x19\
\x00\x00\x04\x1a\x00\x00\x00\x00\x00\x01\x00\x00\xb3\xf4\
\x00\x00\x01\x8f\xdc\xd6\xfa\xe0\
\x00\x00\x02\xc2\x00\x00\x00\x00\x00\x01\x00\x00\x99\x13\
\x00\x00\x01\x8f\xdc\xd6\xfa\xce\
\x00\x00\x01P\x00\x00\x00\x00\x00\x01\x00\x00sH\
\x00\x00\x01\x8f\xdc\xd6\xfb\xac\
\x00\x00\x01\x00\x00\x00\x00\x00\x00\x01\x00\x00m'\
\x00\x00\x01\x8f\xdc\xd6\xfb\xdb\
\x00\x00\x026\x00\x00\x00\x00\x00\x01\x00\x00\x80'\
\x00\x00\x01\x8f\xdc\xd6\xfc\x0d\
\x00\x00\x038\x00\x00\x00\x00\x00\x01\x00\x00\xa1\xc6\
\x00\x00\x01\x8f\xdc\xd6\xfa\xfc\
\x00\x00\x02\x10\x00\x00\x00\x00\x00\x01\x00\x00~\xc0\
\x00\x00\x01\x90\x16>\xbeu\
\x00\x00\x00\xbe\x00\x00\x00\x00\x00\x01\x00\x00i\x8b\
\x00\x00\x01\x8f\xdc\xd6\xfe\xd1\
\x00\x00\x04H\x00\x00\x00\x00\x00\x01\x00\x00\xc7J\
\x00\x00\x01\x8f\xdc\xd6\xfe\xa3\
\x00\x00\x00`\x00\x00\x00\x00\x00\x01\x00\x00\x04\x92\
\x00\x00\x01\x90\x0d\xdf\xe1\xc2\
\x00\x00\x00r\x00\x00\x00\x00\x00\x01\x00\x00e\xf4\
\x00\x00\x01\x8f\xdc\xd6\xfd\x06\
\x00\x00\x00\x00\x00\x00\x00\x00\x00\x01\x00\x00\x00\x00\
\x00\x00\x01\x8f\xdc\xd6\xfb\x9e\
\x00\x00\x03P\x00\x00\x00\x00\x00\x01\x00\x00\xa3\xb0\
\x00\x00\x01\x8f\xdc\xd6\xfe\xba\
\x00\x00\x02h\x00\x00\x00\x00\x00\x01\x00\x00\x95\x1d\
\x00\x00\x01\x8f\xdc\xd6\xfb\xca\
\x00\x00\x02L\x00\x00\x00\x00\x00\x01\x00\x00\x91\x84\
\x00\x00\x01\x8f\xdc\xd6\xfd\xb9\
\x00\x00\x03\xe6\x00\x00\x00\x00\x00\x01\x00\x00\xae\x1e\
\x00\x00\x01\x8f\xdc\xd6\xfd\xa6\
\x00\x00\x01\x1e\x00\x00\x00\x00\x00\x01\x00\x00oR\
\x00\x00\x01\x8f\xdc\xd6\xfd\x8d\
\x00\x00\x016\x00\x00\x00\x00\x00\x01\x00\x00r\x07\
\x00\x00\x01\x8f\xdc\xd6\xfc\xab\
\x00\x00\x03\xac\x00\x00\x00\x00\x00\x01\x00\x00\xab\x09\
\x00\x00\x01\x8f\xdc\xd7\x0bX\
\x00\x00\x04x\x00\x00\x00\x00\x00\x01\x00\x00\xd9\xdb\
\x00\x00\x01\x90\x16@\xba+\
\x00\x00\x02\xea\x00\x00\x00\x00\x00\x01\x00\x00\x9bM\
\x00\x00\x01\x8f\xdc\xd6\xfd\xcd\
\x00\x00\x04\xfc\x00\x00\x00\x00\x00\x01\x00\x00\xe3\xb8\
\x00\x00\x01\x8f\xdc\xd6\xfc\xbc\
\x00\x00\x01\xa0\x00\x00\x00\x00\x00\x01\x00\x00x\xa4\
\x00\x00\x01\x8f\xdc\xd6\xfe1\
\x00\x00\x03f\x00\x00\x00\x00\x00\x01\x00\x00\xa5\x05\
\x00\x00\x01\x8f\xdc\xd6\xfc\x19\
\x00\x00\x03\xc8\x00\x00\x00\x00\x00\x01\x00\x00\xab\xb1\
\x00\x00\x01\x8f\xdc\xd6\xfdx\
\x00\x00\x03\xfe\x00\x00\x00\x00\x00\x01\x00\x00\xafa\
\x00\x00\x01\x8f\xdc\xd6\xfd\xfd\
\x00\x00\x01\xbe\x00\x00\x00\x00\x00\x01\x00\x00y\x8e\
\x00\x00\x01\x8f\xdc\xd6\xfc8\
\x00\x00\x04\xe6\x00\x00\x00\x00\x00\x01\x00\x00\xe2!\
\x00\x00\x01\x8f\xdc\xd6\xfb>\
\x00\x00\x03z\x00\x00\x00\x00\x00\x01\x00\x00\xa7r\
\x00\x00\x01\x8f\xdc\xd6\xfe`\
\x00\x00\x04\xd2\x00\x00\x00\x00\x00\x01\x00\x00\xe1\x1c\
\x00\x00\x01\x8f\xdc\xd6\xfc{\
\x00\x00\x03\x1c\x00\x00\x00\x00\x00\x01\x00\x00\xa0c\
\x00\x00\x01\x8f\xdc\xd6\xfc\xea\
\x00\x00\x02\x80\x00\x00\x00\x00\x00\x01\x00\x00\x95\xf3\
\x00\x00\x01\x8f\xdc\xd6\xfc\xd2\
\x00\x00\x03\x06\x00\x00\x00\x00\x00\x01\x00\x00\x9eE\
\x00\x00\x01\x8f\xdc\xd6\xfd2\
"

def qInitResources():
    QtCore.qRegisterResourceData(0x03, qt_resource_struct, qt_resource_name, qt_resource_data)

def qCleanupResources():
    QtCore.qUnregisterResourceData(0x03, qt_resource_struct, qt_resource_name, qt_resource_data)

qInitResources()
